Date,Depth_to_Groundwater_SAL,Depth_to_Groundwater_CoS,Depth_to_Groundwater_LT2
17/05/2011,-5.92,-6.22,-12.97
18/05/2011,-5.93,-6.27,-12.93
19/05/2011,-5.95,-6.32,-12.92
20/05/2011,-5.95,-6.39,-12.93
21/05/2011,-5.95,-6.49,-12.92
22/05/2011,-5.97,-6.62,-12.91
23/05/2011,-6.01,-6.7,-12.93
24/05/2011,-6.03,-6.7,-12.94
25/05/2011,-6.05,-6.72,-12.94
26/05/2011,-6.09,-6.72,-12.93
27/05/2011,-6.1,-6.79,-12.92
28/05/2011,-6.08,-6.81,-12.9
29/05/2011,-6.12,-6.86,-12.95
30/05/2011,-6.12,-6.95,-12.95
31/05/2011,-6.11,-7.01,-12.95
01/06/2011,-6.13,-6.68,-12.94
02/06/2011,-6.08,-6.99,-12.97
03/06/2011,-6.07,-6.97,-12.96
04/06/2011,-6.11,-6.98,-12.95
05/06/2011,-6.09,-6.98,-12.92
06/06/2011,-6.03,-6.89,-12.91
07/06/2011,-6.04,-6.72,-12.89
08/06/2011,-6.01,-6.77,-12.9
09/06/2011,-5.99,-6.76,-12.93
10/06/2011,-5.97,-6.79,-12.96
11/06/2011,-5.97,-6.82,-12.95
12/06/2011,-5.92,-6.85,-12.95
13/06/2011,-5.93,-6.8,-12.94
14/06/2011,-6.0,-6.84,-12.93
15/06/2011,-6.01,-6.97,-12.94
16/06/2011,-6.03,-7.06,-12.94
17/06/2011,-6.06,-7.17,-12.95
18/06/2011,-6.07,-7.22,-12.91
19/06/2011,-6.02,-7.2,-12.89
20/06/2011,-6.09,-7.14,-12.93
21/06/2011,-6.11,-7.18,-12.95
22/06/2011,-6.13,-7.25,-12.95
23/06/2011,-6.11,-7.13,-12.93
24/06/2011,-6.14,-7.27,-12.93
25/06/2011,-6.16,-7.37,-12.96
26/06/2011,-6.16,-7.41,-12.99
27/06/2011,-6.17,-7.41,-12.98
28/06/2011,-6.18,-7.43,-12.96
29/06/2011,-6.19,-7.48,-12.95
30/06/2011,-6.17,-7.31,-12.96
01/07/2011,-6.19,-7.24,-12.97
02/07/2011,-6.19,-7.38,-12.97
03/07/2011,-6.14,-7.37,-12.99
04/07/2011,-6.17,-7.4,-13.01
05/07/2011,-6.17,-7.41,-13.0
06/07/2011,-6.18,-7.46,-13.01
07/07/2011,-6.18,-7.58,-13.04
08/07/2011,-6.18,-7.68,-13.05
09/07/2011,-6.24,-7.79,-13.07
10/07/2011,-6.22,-7.86,-13.09
11/07/2011,-6.22,-7.86,-13.08
12/07/2011,-6.28,-7.94,-13.09
13/07/2011,-6.22,-8.02,-13.07
14/07/2011,-6.13,-8.05,-13.09
15/07/2011,-6.14,-8.11,-13.14
16/07/2011,-6.12,-8.16,-13.15
17/07/2011,-6.08,-8.02,-13.11
18/07/2011,-6.08,-8.14,-13.09
19/07/2011,-6.12,-8.15,-13.09
20/07/2011,-6.08,-8.12,-13.08
21/07/2011,-6.04,-8.06,-13.1
22/07/2011,-6.22,-8.05,-13.1
23/07/2011,-6.23,-8.11,-13.09
24/07/2011,-6.16,-8.17,-13.07
21/09/2011,-6.27,-8.96,-13.35
22/09/2011,-6.28,-8.98,-13.34
23/09/2011,-6.28,-8.98,-13.33
24/09/2011,-6.3,-9.02,-13.34
25/09/2011,-6.28,-9.02,-13.36
26/09/2011,-6.25,-9.02,-13.39
27/09/2011,-6.26,-9.03,-13.41
28/09/2011,-6.26,-9.01,-13.41
29/09/2011,-6.29,-8.99,-13.41
30/09/2011,-6.29,-8.96,-13.41
01/10/2011,-6.31,-8.99,-13.41
02/10/2011,-6.31,-9.05,-13.4
03/10/2011,-6.32,-9.04,-13.4
04/10/2011,-6.32,-9.02,-13.4
05/10/2011,-6.32,-9.0,-13.39
06/10/2011,-6.33,-9.0,-13.38
07/10/2011,-6.27,-8.96,-13.31
08/10/2011,-6.34,-8.97,-13.33
09/10/2011,-6.34,-9.02,-13.35
10/10/2011,-6.32,-9.06,-13.41
11/10/2011,-6.34,-9.05,-13.4
12/10/2011,-6.36,-9.07,-13.39
13/10/2011,-6.36,-9.05,-13.38
14/10/2011,-6.39,-9.09,-13.43
15/10/2011,-6.41,-9.13,-13.46
16/10/2011,-6.4,-9.11,-13.46
17/10/2011,-6.37,-9.1,-13.47
18/10/2011,-6.41,-9.08,-13.46
19/10/2011,-6.4,-9.07,-13.44
20/10/2011,-6.41,-8.99,-13.4
21/10/2011,-6.39,-9.0,-13.44
22/10/2011,-6.39,-9.05,-13.45
23/10/2011,-6.38,-9.05,-13.43
24/10/2011,-6.35,-9.02,-13.4
25/10/2011,-6.33,-8.96,-13.37
26/10/2011,-6.27,-8.9,-13.38
27/10/2011,-6.19,-8.92,-13.42
28/10/2011,-6.14,-8.91,-13.46
29/10/2011,-6.18,-8.93,-13.46
30/10/2011,-6.16,-8.91,-13.44
31/10/2011,-6.15,-8.86,-13.43
01/11/2011,-6.16,-8.8,-13.42
02/11/2011,-6.13,-8.78,-13.42
03/11/2011,-6.13,-8.79,-13.4
04/11/2011,-6.14,-8.75,-13.38
05/11/2011,-6.14,-8.77,-13.37
06/11/2011,-6.1,-8.77,-13.35
07/11/2011,-6.06,-8.77,-13.41
08/11/2011,-5.9,-8.69,-13.43
09/11/2011,-5.86,-8.67,-13.44
10/11/2011,-5.83,-8.66,-13.43
11/11/2011,-5.83,-8.71,-13.44
12/11/2011,-5.84,-8.78,-13.5
13/11/2011,-5.85,-8.82,-13.51
14/11/2011,-5.85,-8.74,-13.48
15/11/2011,-5.86,-8.64,-13.43
16/11/2011,-5.89,-8.65,-13.42
17/11/2011,-5.91,-8.67,-13.45
18/11/2011,-5.92,-8.69,-13.46
19/11/2011,-5.94,-8.74,-13.45
20/11/2011,-5.97,-8.76,-13.44
21/11/2011,-5.96,-8.7,-13.43
22/11/2011,-5.99,-8.68,-13.41
23/11/2011,-6.0,-8.71,-13.42
24/11/2011,-6.02,-8.75,-13.47
25/11/2011,-6.04,-8.79,-13.48
26/11/2011,-6.05,-8.81,-13.47
27/11/2011,-6.07,-8.85,-13.48
28/11/2011,-6.06,-8.83,-13.46
29/11/2011,-6.09,-8.74,-13.44
30/11/2011,-6.1,-8.77,-13.45
01/12/2011,-6.1,-8.8,-13.46
02/12/2011,-6.1,-8.75,-13.41
03/12/2011,-6.11,-8.77,-13.38
04/12/2011,-6.09,-8.82,-13.36
05/12/2011,-6.06,-8.74,-13.33
06/12/2011,-6.02,-8.66,-13.32
07/12/2011,-5.97,-8.6,-13.37
08/12/2011,-5.94,-8.58,-13.39
09/12/2011,-5.94,-8.57,-13.41
10/12/2011,-5.94,-8.5,-13.37
11/12/2011,-5.93,-8.49,-13.37
12/12/2011,-5.94,-8.43,-13.33
13/12/2011,-5.92,-8.3,-13.32
14/12/2011,-5.89,-8.23,-13.33
15/12/2011,-5.89,-8.11,-13.31
16/12/2011,-5.86,-8.05,-13.27
17/12/2011,-5.8,-7.93,-13.16
18/12/2011,-5.71,-8.03,-13.26
19/12/2011,-5.68,-8.07,-13.29
20/12/2011,-5.67,-7.98,-13.31
21/12/2011,-5.68,-7.94,-13.31
22/12/2011,-5.7,-7.94,-13.34
23/12/2011,-5.73,-7.97,-13.37
24/12/2011,-5.75,-7.94,-13.33
25/12/2011,-5.78,-7.99,-13.39
26/12/2011,-5.77,-7.96,-13.45
27/12/2011,-5.81,-7.89,-13.44
28/12/2011,-5.82,-7.85,-13.41
29/12/2011,-5.84,-7.8,-13.34
30/12/2011,-5.86,-7.74,-13.28
31/12/2011,-5.9,-7.77,-13.32
01/01/2012,-5.93,-7.82,-13.35
02/01/2012,-5.93,-7.72,-13.32
03/01/2012,-5.93,-7.74,-13.33
04/01/2012,-5.92,-7.75,-13.31
05/01/2012,-5.92,-7.6,-13.21
06/01/2012,-5.91,-7.51,-13.21
07/01/2012,-5.91,-7.56,-13.31
08/01/2012,-5.92,-7.54,-13.29
09/01/2012,-5.94,-7.54,-13.35
10/01/2012,-5.95,-7.51,-13.38
11/01/2012,-5.97,-7.52,-13.41
12/01/2012,-5.98,-7.5,-13.39
15/01/2012,-6.02,-7.53,-13.31
16/01/2012,-6.04,-7.52,-13.33
17/01/2012,-6.06,-7.54,-13.38
18/01/2012,-6.07,-7.56,-13.41
19/01/2012,-6.09,-7.54,-13.4
20/01/2012,-6.1,-7.43,-13.29
21/01/2012,-6.12,-7.44,-13.29
22/01/2012,-6.12,-7.48,-13.28
23/01/2012,-6.12,-7.45,-13.29
24/01/2012,-6.13,-7.43,-13.29
25/01/2012,-6.14,-7.46,-13.34
26/01/2012,-6.16,-7.48,-13.35
27/01/2012,-6.17,-7.47,-13.38
28/01/2012,-6.19,-7.49,-13.37
29/01/2012,-6.19,-7.49,-13.34
30/01/2012,-6.18,-7.47,-13.36
20/02/2012,-6.37,-7.91,-13.48
29/05/2012,-5.96,-6.59,-13.4
30/05/2012,-5.94,-6.62,-13.36
02/06/2012,-5.96,-6.7,-13.36
03/06/2012,-5.99,-6.72,-13.35
04/06/2012,-6.0,-6.66,-13.3
28/06/2012,-6.32,-7.51,-13.53
29/06/2012,-6.33,-7.59,-13.55
30/06/2012,-6.34,-7.67,-13.57
01/07/2012,-6.32,-7.72,-13.58
02/07/2012,-6.32,-7.76,-13.6
03/07/2012,-6.34,-7.8,-13.62
09/08/2012,-6.27,-8.85,-14.01
10/08/2012,-6.26,-8.84,-13.99
11/08/2012,-6.24,-8.8,-13.98
12/08/2012,-6.23,-8.77,-13.98
13/08/2012,-6.22,-8.72,-13.97
14/08/2012,-6.24,-8.77,-13.98
15/08/2012,-6.22,-8.78,-13.99
16/08/2012,-6.21,-8.7,-14.01
17/08/2012,-6.22,-8.73,-14.02
18/08/2012,-6.23,-8.81,-14.04
19/08/2012,-6.23,-8.82,-14.06
20/08/2012,-6.24,-8.8,-14.05
21/08/2012,-6.27,-8.88,-14.04
22/08/2012,-6.28,-8.9,-14.04
23/08/2012,-6.28,-8.88,-14.03
26/08/2012,-6.26,-8.86,-14.02
27/08/2012,-6.18,-8.87,-14.07
28/08/2012,-6.16,-8.86,-14.08
29/08/2012,-6.18,-9.28,-14.08
30/08/2012,-6.2,-9.57,-14.06
31/08/2012,-6.18,-9.49,-14.02
01/09/2012,-6.14,-9.53,-14.04
02/09/2012,-6.13,-9.53,-14.08
03/09/2012,-6.1,-9.43,-14.04
04/09/2012,-6.07,-9.37,-14.03
05/09/2012,-6.07,-9.36,-14.03
06/09/2012,-6.07,-9.24,-14.07
07/09/2012,-6.06,-9.29,-14.09
08/09/2012,-6.07,-9.34,-14.07
09/09/2012,-6.06,-9.3,-14.06
10/09/2012,-6.07,-9.3,-14.07
11/09/2012,-6.09,-9.28,-14.06
12/09/2012,-6.09,-9.26,-14.0
13/09/2012,-6.09,-9.21,-13.96
14/09/2012,-6.08,-9.21,-13.99
15/09/2012,-6.08,-9.25,-14.04
16/09/2012,-6.07,-9.28,-14.07
17/09/2012,-6.08,-9.34,-14.07
03/10/2012,-5.99,-9.12,-14.09
04/10/2012,-6.01,-9.08,-14.08
05/10/2012,-6.03,-9.07,-14.09
06/10/2012,-6.05,-9.09,-14.08
07/10/2012,-6.03,-9.07,-14.04
08/10/2012,-6.03,-9.04,-14.02
09/10/2012,-6.02,-8.96,-13.96
23/10/2012,-5.94,-8.26,-13.9
24/10/2012,-5.95,-8.25,-13.88
25/10/2012,-5.9,-8.25,-13.87
26/10/2012,-5.94,-8.19,-13.8
27/10/2012,-5.91,-8.09,-13.66
28/10/2012,-5.8,-7.85,-13.72
29/10/2012,-5.72,-7.66,-13.8
30/10/2012,-5.7,-7.58,-13.83
31/10/2012,-5.69,-7.45,-13.74
01/11/2012,-5.66,-7.3,-13.71
02/11/2012,-5.62,-7.14,-13.81
03/11/2012,-5.61,-7.1,-13.84
04/11/2012,-5.59,-7.02,-13.78
05/11/2012,-5.48,-6.85,-13.75
06/11/2012,-5.35,-6.82,-13.82
07/11/2012,-5.3,-6.81,-13.89
08/11/2012,-5.27,-6.8,-13.89
09/11/2012,-5.27,-6.79,-13.84
10/11/2012,-5.27,-6.78,-13.79
11/11/2012,-4.25,-6.65,-13.74
12/11/2012,-4.64,-6.33,-13.78
13/11/2012,-4.71,-6.18,-13.79
14/11/2012,-4.69,-6.05,-13.76
15/11/2012,-4.72,-5.96,-13.72
16/11/2012,-4.77,-5.88,-13.7
17/11/2012,-4.83,-5.87,-13.68
18/11/2012,-4.87,-5.83,-13.65
19/11/2012,-4.91,-5.75,-13.65
20/11/2012,-4.95,-5.74,-13.68
21/11/2012,-4.99,-5.76,-13.7
22/11/2012,-5.04,-5.83,-13.73
23/11/2012,-5.09,-5.86,-13.74
24/11/2012,-5.15,-5.95,-13.74
25/11/2012,-5.2,-6.0,-13.72
26/11/2012,-5.23,-5.96,-13.69
27/11/2012,-5.25,-5.91,-13.6
28/11/2012,-5.23,-5.74,-13.48
29/11/2012,-5.13,-5.59,-13.47
30/11/2012,-5.06,-5.56,-13.53
01/12/2012,-5.04,-5.6,-13.61
02/12/2012,-4.99,-5.52,-13.6
03/12/2012,-4.96,-5.49,-13.66
04/12/2012,-4.31,-5.35,-13.57
05/12/2012,-4.63,-5.18,-13.55
06/12/2012,-4.66,-5.22,-13.6
07/12/2012,-4.65,-5.22,-13.59
08/12/2012,-4.64,-5.23,-13.56
09/12/2012,-4.65,-5.27,-13.64
10/12/2012,-4.69,-5.19,-13.57
11/12/2012,-4.74,-5.19,-13.6
12/12/2012,-4.77,-5.25,-13.65
13/12/2012,-4.8,-5.27,-13.66
14/12/2012,-4.83,-5.24,-13.61
15/12/2012,-4.73,-5.13,-13.56
16/12/2012,-4.45,-5.04,-13.56
17/12/2012,-3.87,-4.93,-13.5
18/12/2012,-4.18,-4.9,-13.49
19/12/2012,-4.23,-4.93,-13.54
20/12/2012,-4.29,-4.92,-13.53
21/12/2012,-4.35,-4.9,-13.47
22/12/2012,-4.43,-5.0,-13.52
23/12/2012,-4.49,-5.07,-13.52
24/12/2012,-4.55,-5.06,-13.53
04/01/2013,-4.96,-5.11,-13.55
05/01/2013,-4.98,-5.13,-13.49
06/01/2013,-4.99,-5.15,-13.48
07/01/2013,-5.0,-5.17,-13.47
08/01/2013,-5.02,-5.23,-13.49
09/01/2013,-5.03,-5.22,-13.46
10/01/2013,-5.04,-5.19,-13.39
11/01/2013,-5.05,-5.18,-13.37
12/01/2013,-5.09,-5.25,-13.42
13/01/2013,-5.09,-5.26,-13.37
14/01/2013,-5.04,-5.11,-13.34
15/01/2013,-4.92,-4.98,-13.32
16/01/2013,-4.78,-4.86,-13.23
17/01/2013,-4.69,-4.85,-13.24
18/01/2013,-4.66,-4.92,-13.27
19/01/2013,-4.69,-4.99,-13.27
20/01/2013,-4.64,-4.9,-13.22
21/01/2013,-4.43,-4.84,-13.22
13/02/2013,-4.78,-5.13,-13.2
14/02/2013,-4.77,-5.16,-13.25
15/02/2013,-4.8,-5.19,-13.23
16/02/2013,-4.85,-5.24,-13.26
28/02/2013,-5.03,-5.28,-13.23
01/03/2013,-5.04,-5.28,-13.18
02/03/2013,-5.07,-5.36,-13.17
03/03/2013,-5.09,-5.39,-13.19
04/03/2013,-5.1,-5.36,-13.2
05/03/2013,-5.12,-5.34,-13.2
06/03/2013,-5.11,-5.24,-13.1
07/03/2013,-5.04,-5.16,-13.07
08/03/2013,-4.94,-5.12,-13.05
09/03/2013,-4.82,-5.13,-13.04
10/03/2013,-4.72,-5.11,-13.02
11/03/2013,-4.61,-5.04,-13.0
12/03/2013,-4.46,-4.93,-12.97
13/03/2013,-4.3,-4.88,-12.92
14/03/2013,-4.15,-4.8,-12.86
15/03/2013,-4.15,-4.91,-12.94
16/03/2013,-4.24,-5.05,-13.0
17/03/2013,-4.28,-5.04,-12.95
18/03/2013,-4.08,-4.68,-12.79
19/03/2013,-3.75,-4.53,-12.83
20/03/2013,-3.78,-4.61,-12.81
21/03/2013,-3.87,-4.66,-12.83
22/03/2013,-3.97,-4.67,-12.82
09/04/2013,-4.48,-5.07,-12.74
10/04/2013,-4.46,-5.1,-12.76
11/04/2013,-4.49,-5.14,-12.77
12/04/2013,-4.52,-5.1,-12.74
13/04/2013,-4.57,-5.21,-12.81
14/04/2013,-4.6,-5.29,-12.84
15/04/2013,-4.64,-5.26,-12.8
16/04/2013,-4.68,-5.28,-12.79
17/04/2013,-4.71,-5.28,-12.8
18/04/2013,-4.75,-5.41,-12.78
19/04/2013,-4.79,-5.37,-12.74
20/04/2013,-4.82,-5.44,-12.74
22/04/2013,-4.87,-5.39,-12.73
23/04/2013,-4.91,-5.43,-12.79
24/04/2013,-4.94,-5.52,-12.82
25/04/2013,-4.98,-5.58,-12.79
27/04/2013,-5.02,-5.54,-12.67
28/04/2013,-4.99,-5.56,-12.69
29/04/2013,-4.96,-5.62,-12.7
30/04/2013,-4.95,-5.66,-12.71
01/05/2013,-4.98,-5.75,-12.7
02/05/2013,-4.98,-5.73,-12.69
03/05/2013,-5.01,-5.74,-12.68
04/05/2013,-5.05,-5.83,-12.69
05/05/2013,-5.06,-5.88,-12.7
06/05/2013,-5.07,-5.82,-12.68
07/05/2013,-5.08,-5.8,-12.68
08/05/2013,-5.1,-5.82,-12.68
09/05/2013,-5.13,-5.9,-12.69
10/05/2013,-5.16,-5.92,-12.68
11/05/2013,-5.19,-5.97,-12.67
12/05/2013,-5.2,-6.02,-12.68
13/05/2013,-5.21,-6.0,-12.7
14/05/2013,-5.22,-6.06,-12.69
15/05/2013,-5.24,-6.11,-12.65
16/05/2013,-5.22,-6.01,-12.58
17/05/2013,-5.15,-5.92,-12.62
18/05/2013,-5.1,-5.97,-12.67
19/05/2013,-5.06,-5.93,-12.68
20/05/2013,-5.04,-5.87,-12.71
21/05/2013,-5.04,-5.91,-12.68
22/05/2013,-5.04,-5.9,-12.61
23/05/2013,-5.05,-5.85,-12.6
24/05/2013,-5.08,-5.84,-12.63
25/05/2013,-5.1,-5.92,-12.65
26/05/2013,-5.1,-5.93,-12.68
27/05/2013,-5.09,-5.92,-12.69
28/05/2013,-5.1,-5.91,-12.64
29/05/2013,-5.11,-5.9,-12.62
30/05/2013,-5.11,-5.9,-12.62
31/05/2013,-5.09,-5.85,-12.61
01/06/2013,-5.1,-5.9,-12.62
02/06/2013,-5.09,-5.98,-12.65
03/06/2013,-5.1,-5.96,-12.68
04/06/2013,-5.12,-5.95,-12.68
05/06/2013,-5.14,-5.9,-12.69
06/06/2013,-5.17,-5.89,-12.69
07/06/2013,-5.21,-5.9,-12.69
08/06/2013,-5.23,-5.92,-12.68
09/06/2013,-5.22,-5.88,-12.67
10/06/2013,-5.21,-5.76,-12.67
11/06/2013,-5.25,-5.8,-12.69
12/06/2013,-5.26,-5.86,-12.71
13/06/2013,-5.29,-5.9,-12.72
14/06/2013,-5.32,-5.98,-12.72
15/06/2013,-5.34,-6.1,-12.73
16/06/2013,-5.34,-6.16,-12.74
17/06/2013,-5.38,-6.22,-12.73
18/06/2013,-5.42,-6.34,-12.73
19/06/2013,-5.45,-6.43,-12.75
20/06/2013,-5.48,-6.52,-12.75
21/06/2013,-5.49,-6.56,-12.77
22/06/2013,-5.49,-6.6,-12.78
23/06/2013,-5.47,-6.6,-12.76
24/06/2013,-5.47,-6.55,-12.75
25/06/2013,-5.46,-6.6,-12.77
26/06/2013,-5.46,-6.65,-12.78
27/06/2013,-5.47,-6.58,-12.78
28/06/2013,-5.49,-6.54,-12.76
29/06/2013,-5.49,-6.57,-12.77
30/06/2013,-5.47,-6.61,-12.77
01/07/2013,-5.49,-6.66,-12.77
02/07/2013,-5.53,-6.76,-12.76
03/07/2013,-5.54,-6.82,-12.75
04/07/2013,-5.54,-6.82,-12.76
05/07/2013,-5.58,-6.88,-12.79
06/07/2013,-5.61,-6.99,-12.79
07/07/2013,-5.6,-7.01,-12.8
08/07/2013,-5.62,-6.99,-12.8
09/07/2013,-5.68,-7.02,-12.77
10/07/2013,-5.69,-7.03,-12.73
11/07/2013,-5.69,-7.03,-12.73
12/07/2013,-5.7,-7.08,-12.77
13/07/2013,-5.71,-7.18,-12.79
14/07/2013,-5.68,-7.24,-12.81
15/07/2013,-5.7,-7.2,-12.82
16/07/2013,-5.71,-7.21,-12.84
17/07/2013,-5.72,-7.22,-12.84
18/07/2013,-5.73,-7.36,-12.84
19/07/2013,-5.73,-7.3,-12.84
20/07/2013,-5.74,-7.28,-12.84
21/07/2013,-5.69,-7.26,-12.84
22/07/2013,-5.71,-7.25,-12.83
23/07/2013,-5.84,-7.29,-12.83
24/07/2013,-5.9,-7.38,-12.86
25/07/2013,-5.91,-7.53,-12.87
26/07/2013,-5.91,-7.61,-12.86
27/07/2013,-5.92,-7.67,-12.86
28/07/2013,-5.9,-7.67,-12.88
29/07/2013,-5.9,-7.65,-12.89
30/07/2013,-5.89,-7.64,-12.89
31/07/2013,-5.9,-7.71,-12.89
01/08/2013,-5.92,-7.82,-12.89
02/08/2013,-5.93,-7.92,-12.9
05/08/2013,-5.92,-7.98,-12.93
06/08/2013,-5.86,-7.98,-12.91
07/08/2013,-5.81,-8.06,-12.9
08/08/2013,-5.8,-8.12,-12.92
09/08/2013,-5.79,-8.12,-12.91
10/08/2013,-5.78,-8.15,-12.91
13/08/2013,-5.78,-8.17,-12.94
14/08/2013,-5.79,-8.23,-12.94
16/08/2013,-5.76,-8.1,-12.96
18/08/2013,-5.74,-8.21,-12.96
19/08/2013,-5.76,-8.29,-12.95
21/08/2013,-5.73,-8.28,-12.95
22/08/2013,-5.76,-8.28,-12.93
23/08/2013,-5.8,-8.27,-12.92
24/08/2013,-5.8,-8.28,-12.91
25/08/2013,-5.78,-8.28,-12.86
26/08/2013,-5.71,-8.23,-12.89
27/08/2013,-5.69,-8.15,-12.89
28/08/2013,-5.68,-8.14,-12.91
29/08/2013,-5.7,-8.12,-12.94
30/08/2013,-5.74,-8.18,-12.94
07/09/2013,-5.81,-8.35,-13.0
08/09/2013,-5.8,-8.44,-13.02
09/09/2013,-5.78,-8.27,-12.99
10/09/2013,-5.78,-8.19,-12.97
19/09/2013,-5.73,-7.96,-12.88
20/09/2013,-5.75,-8.02,-12.94
21/09/2013,-5.77,-8.11,-12.99
22/09/2013,-5.75,-8.17,-13.01
23/09/2013,-5.75,-8.1,-12.98
24/09/2013,-5.76,-8.11,-12.96
12/11/2013,-5.35,-6.81,-12.75
13/11/2013,-5.34,-6.82,-12.75
14/11/2013,-5.34,-6.8,-12.73
15/11/2013,-5.35,-6.7,-12.72
16/11/2013,-5.38,-6.77,-12.76
17/11/2013,-5.39,-6.78,-12.75
18/11/2013,-5.39,-6.65,-12.68
19/11/2013,-5.4,-6.59,-12.6
20/11/2013,-5.42,-6.59,-12.61
21/11/2013,-5.45,-6.54,-12.57
22/11/2013,-5.43,-6.36,-12.55
23/11/2013,-5.32,-6.26,-12.55
24/11/2013,-5.26,-6.25,-12.62
25/11/2013,-5.23,-6.21,-12.68
26/11/2013,-5.23,-6.25,-12.73
27/11/2013,-5.23,-6.35,-12.77
29/11/2013,-5.28,-6.34,-12.75
30/11/2013,-5.3,-6.37,-12.68
01/12/2013,-5.31,-6.33,-12.68
03/12/2013,-5.34,-6.36,-12.75
20/03/2014,-4.97,-5.41,-12.15
21/03/2014,-5.03,-5.47,-12.13
22/03/2014,-5.04,-5.49,-12.09
23/03/2014,-5.04,-5.38,-12.0
24/03/2014,-4.97,-5.31,-12.03
25/03/2014,-4.95,-5.3,-12.04
26/03/2014,-4.94,-5.25,-12.03
27/03/2014,-4.94,-5.18,-12.01
28/03/2014,-4.98,-5.2,-12.08
29/03/2014,-5.06,-5.31,-12.12
30/03/2014,-5.08,-5.35,-12.11
31/03/2014,-5.08,-5.29,-12.1
01/04/2014,-5.07,-5.34,-12.1
02/04/2014,-5.11,-5.33,-12.08
03/04/2014,-5.12,-5.29,-12.04
04/04/2014,-5.13,-5.25,-12.0
05/04/2014,-5.16,-5.3,-12.03
06/04/2014,-5.15,-5.35,-12.08
07/04/2014,-5.17,-5.35,-12.1
08/04/2014,-5.2,-5.38,-12.1
09/04/2014,-5.18,-5.35,-12.09
10/04/2014,-5.26,-5.33,-12.1
11/04/2014,-5.25,-5.3,-12.09
12/04/2014,-5.28,-5.34,-12.08
13/04/2014,-5.29,-5.33,-12.08
14/04/2014,-5.33,-5.25,-12.08
19/09/2014,-5.64,-7.09,-12.33
20/09/2014,-5.62,-6.95,-12.31
21/09/2014,-5.57,-6.85,-12.31
22/09/2014,-5.56,-6.67,-12.27
23/09/2014,-5.56,-6.68,-12.32
24/09/2014,-5.55,-6.65,-12.33
25/09/2014,-5.53,-6.62,-12.32
26/09/2014,-5.61,-6.65,-12.36
27/09/2014,-5.58,-6.73,-12.38
28/09/2014,-5.57,-6.77,-12.39
29/09/2014,-5.55,-6.8,-12.4
30/09/2014,-5.55,-6.73,-12.38
01/10/2014,-5.56,-6.67,-12.36
02/10/2014,-5.54,-6.67,-12.35
03/10/2014,-5.57,-6.68,-12.33
04/10/2014,-5.58,-6.7,-12.31
05/10/2014,-5.55,-6.8,-12.29
06/10/2014,-5.55,-6.7,-12.29
07/10/2014,-5.57,-6.68,-12.31
08/10/2014,-5.6,-6.69,-12.32
09/10/2014,-5.62,-6.75,-12.31
10/10/2014,-5.61,-6.77,-12.31
11/10/2014,-5.65,-6.8,-12.31
12/10/2014,-5.59,-6.78,-12.3
13/10/2014,-5.57,-6.62,-12.27
14/10/2014,-5.52,-6.46,-12.23
15/10/2014,-5.51,-6.31,-12.21
16/10/2014,-5.5,-6.24,-12.24
17/10/2014,-5.52,-6.18,-12.25
18/10/2014,-5.48,-6.2,-12.29
19/10/2014,-5.45,-6.21,-12.3
20/10/2014,-5.43,-6.13,-12.28
21/10/2014,-5.43,-6.03,-12.2
22/10/2014,-5.43,-6.03,-12.18
20/11/2014,-4.5,-5.21,-12.12
21/11/2014,-4.52,-5.23,-12.11
22/11/2014,-4.57,-5.24,-12.1
23/11/2014,-4.59,-5.28,-12.11
24/11/2014,-4.65,-5.29,-12.09
25/11/2014,-4.71,-5.29,-12.06
26/11/2014,-4.72,-5.24,-12.02
27/11/2014,-4.72,-5.2,-11.99
13/01/2015,-5.3,-5.58,-12.04
14/01/2015,-5.3,-5.54,-11.99
15/01/2015,-5.26,-5.54,-11.99
16/01/2015,-5.26,-5.53,-11.96
17/01/2015,-5.27,-5.54,-11.94
18/01/2015,-5.26,-5.6,-11.96
19/01/2015,-5.27,-5.6,-11.93
20/01/2015,-5.27,-5.59,-11.9
21/01/2015,-5.29,-5.58,-11.91
23/01/2015,-5.25,-5.46,-11.88
24/01/2015,-5.25,-5.46,-11.91
25/01/2015,-5.25,-5.52,-11.96
26/01/2015,-5.25,-5.54,-12.0
27/01/2015,-5.27,-5.5,-11.97
28/01/2015,-5.3,-5.5,-11.97
29/01/2015,-5.31,-5.46,-11.86
30/01/2015,-5.28,-5.28,-11.68
31/01/2015,-5.2,-5.28,-11.73
01/02/2015,-5.16,-5.31,-11.77
02/02/2015,-5.11,-5.34,-11.84
03/02/2015,-5.09,-5.28,-11.84
04/02/2015,-5.08,-5.22,-11.83
05/02/2015,-5.06,-5.21,-11.82
06/02/2015,-5.0,-5.22,-11.84
07/02/2015,-4.98,-5.32,-11.94
08/02/2015,-4.96,-5.34,-11.91
09/02/2015,-4.96,-5.32,-11.98
10/02/2015,-4.98,-5.3,-11.99
11/02/2015,-5.01,-5.29,-11.99
12/02/2015,-5.03,-5.31,-11.98
13/02/2015,-5.06,-5.29,-11.98
14/02/2015,-5.08,-5.29,-11.93
15/02/2015,-5.05,-5.23,-11.9
16/02/2015,-4.98,-5.17,-11.91
17/02/2015,-4.94,-5.2,-11.98
18/02/2015,-4.95,-5.23,-12.03
19/02/2015,-4.97,-5.23,-12.02
20/02/2015,-4.99,-5.19,-11.97
28/03/2015,-5.4,-5.57,-11.8
29/03/2015,-5.41,-5.62,-11.79
30/03/2015,-5.41,-5.53,-11.77
31/03/2015,-5.44,-5.55,-11.8
01/04/2015,-5.45,-5.6,-11.81
02/04/2015,-5.46,-5.67,-11.83
03/04/2015,-5.47,-5.74,-11.83
04/04/2015,-5.48,-5.78,-11.79
05/04/2015,-5.46,-5.74,-11.78
06/04/2015,-5.44,-5.72,-11.86
07/04/2015,-5.46,-5.74,-11.92
08/04/2015,-5.52,-5.82,-11.92
09/04/2015,-5.5,-5.87,-11.92
10/04/2015,-5.5,-5.9,-11.92
11/04/2015,-5.51,-5.93,-11.91
12/04/2015,-5.52,-5.96,-11.92
13/04/2015,-5.53,-5.95,-11.92
14/04/2015,-5.55,-5.98,-11.9
15/04/2015,-5.56,-6.01,-11.88
16/04/2015,-5.57,-6.05,-11.87
17/04/2015,-5.58,-6.0,-11.84
18/04/2015,-5.57,-5.96,-11.83
19/04/2015,-5.57,-5.98,-11.86
20/04/2015,-5.58,-6.01,-11.86
21/04/2015,-5.6,-5.86,-11.89
22/04/2015,-5.61,-6.02,-11.89
23/04/2015,-5.62,-6.08,-11.85
24/04/2015,-5.63,-6.06,-11.85
30/04/2015,-5.52,-6.06,-11.85
01/05/2015,-5.5,-6.02,-11.83
02/05/2015,-5.5,-5.93,-11.81
03/05/2015,-5.51,-5.94,-11.82
04/05/2015,-5.52,-5.96,-11.82
05/05/2015,-5.54,-5.98,-11.81
06/05/2015,-5.56,-6.08,-11.83
07/05/2015,-5.57,-6.13,-11.85
08/05/2015,-5.59,-6.16,-11.85
09/05/2015,-5.6,-6.2,-11.86
10/05/2015,-5.61,-6.28,-11.9
11/05/2015,-5.63,-6.36,-11.92
12/05/2015,-5.65,-6.42,-11.93
13/05/2015,-5.66,-6.46,-11.93
14/05/2015,-5.66,-6.45,-11.85
15/05/2015,-5.65,-6.42,-11.82
16/05/2015,-5.65,-6.44,-11.87
17/05/2015,-5.66,-6.5,-11.86
18/05/2015,-5.66,-6.57,-11.83
19/05/2015,-5.67,-6.59,-11.82
20/05/2015,-5.68,-6.54,-11.84
21/05/2015,-5.69,-6.51,-11.86
22/05/2015,-5.71,-6.5,-11.86
23/05/2015,-5.69,-6.52,-11.84
24/05/2015,-5.67,-6.59,-11.85
25/05/2015,-5.68,-6.61,-11.84
26/05/2015,-5.71,-6.63,-11.83
27/05/2015,-5.72,-6.67,-11.86
28/05/2015,-5.72,-6.73,-11.89
29/05/2015,-5.74,-6.79,-11.87
30/05/2015,-5.74,-6.85,-11.88
31/05/2015,-5.74,-6.89,-11.89
01/06/2015,-5.74,-6.85,-11.9
02/06/2015,-5.75,-6.88,-11.92
03/06/2015,-5.76,-6.92,-11.92
04/06/2015,-5.79,-6.97,-11.92
05/06/2015,-5.81,-7.05,-11.91
06/06/2015,-5.83,-7.19,-11.92
07/06/2015,-5.82,-7.31,-11.92
08/06/2015,-5.83,-7.33,-11.91
09/06/2015,-5.84,-7.34,-11.92
10/06/2015,-5.85,-7.33,-11.94
11/06/2015,-5.85,-7.38,-11.95
12/06/2015,-5.87,-7.49,-11.95
13/06/2015,-5.86,-7.49,-11.94
14/06/2015,-5.87,-7.51,-11.93
15/06/2015,-5.86,-7.35,-11.96
16/06/2015,-5.85,-7.28,-11.96
17/06/2015,-5.89,-7.21,-11.96
18/06/2015,-5.92,-7.18,-11.96
19/06/2015,-5.89,-7.22,-11.94
20/06/2015,-5.88,-7.23,-11.96
21/06/2015,-5.87,-7.26,-11.99
22/06/2015,-5.87,-7.23,-11.99
23/06/2015,-5.87,-7.26,-11.95
24/06/2015,-5.86,-7.34,-12.02
25/06/2015,-5.86,-7.34,-12.05
26/06/2015,-5.87,-7.37,-12.04
27/06/2015,-5.9,-7.49,-12.04
28/06/2015,-5.89,-7.47,-12.04
29/06/2015,-5.9,-7.48,-12.06
30/06/2015,-5.94,-7.56,-12.07
01/07/2015,-5.94,-7.63,-12.1
02/07/2015,-5.95,-7.68,-12.13
03/07/2015,-5.96,-7.75,-12.15
04/07/2015,-5.98,-7.84,-12.15
05/07/2015,-5.97,-7.91,-12.14
06/07/2015,-5.97,-7.9,-12.16
07/07/2015,-5.97,-7.97,-12.17
08/07/2015,-5.97,-8.06,-12.14
09/07/2015,-6.01,-8.11,-12.17
10/07/2015,-6.02,-8.17,-12.24
11/07/2015,-6.02,-8.23,-12.26
12/07/2015,-5.99,-8.24,-12.27
13/07/2015,-6.0,-8.15,-12.26
14/07/2015,-6.01,-8.27,-12.28
15/07/2015,-6.02,-8.3,-12.3
16/07/2015,-6.03,-8.35,-12.33
17/07/2015,-6.05,-8.34,-12.34
18/07/2015,-6.05,-8.41,-12.34
19/07/2015,-6.01,-8.46,-12.34
20/07/2015,-6.0,-8.43,-12.34
21/07/2015,-6.04,-8.45,-12.36
22/07/2015,-6.05,-8.53,-12.38
23/07/2015,-6.07,-8.58,-12.38
24/07/2015,-6.07,-8.6,-12.4
25/07/2015,-6.03,-8.68,-12.41
26/07/2015,-5.98,-8.64,-12.41
27/07/2015,-5.96,-8.58,-12.39
28/07/2015,-5.97,-8.58,-12.4
29/07/2015,-5.99,-8.58,-12.41
30/07/2015,-5.98,-8.55,-12.41
31/07/2015,-5.98,-8.59,-12.43
01/08/2015,-5.99,-8.7,-12.46
02/08/2015,-5.94,-8.67,-12.48
03/08/2015,-5.95,-8.62,-12.49
04/08/2015,-6.0,-8.67,-12.48
05/08/2015,-5.98,-8.78,-12.48
07/08/2015,-6.02,-8.87,-12.49
08/08/2015,-6.01,-8.91,-12.5
09/08/2015,-5.99,-8.91,-12.51
10/08/2015,-5.97,-8.84,-12.5
11/08/2015,-5.95,-8.74,-12.49
12/08/2015,-5.95,-8.76,-12.5
13/08/2015,-5.99,-8.86,-12.49
14/08/2015,-6.0,-8.89,-12.46
15/08/2015,-5.99,-8.86,-12.44
16/08/2015,-5.96,-8.74,-12.43
17/08/2015,-5.95,-8.69,-12.43
18/08/2015,-5.95,-8.66,-12.45
21/08/2015,-6.0,-8.66,-12.48
22/08/2015,-5.99,-8.61,-12.46
23/08/2015,-5.98,-8.61,-12.44
24/08/2015,-5.95,-8.49,-12.41
25/08/2015,-5.93,-8.43,-12.42
26/08/2015,-5.93,-8.45,-12.42
27/08/2015,-5.93,-8.5,-12.41
28/08/2015,-5.96,-8.58,-12.43
29/08/2015,-5.97,-8.62,-12.44
30/08/2015,-5.97,-8.63,-12.43
31/08/2015,-5.95,-8.64,-12.41
01/09/2015,-5.96,-8.66,-12.39
02/09/2015,-5.96,-8.67,-12.39
03/09/2015,-5.95,-8.72,-12.4
04/09/2015,-5.95,-8.73,-12.4
05/09/2015,-5.96,-8.74,-12.4
06/09/2015,-5.94,-8.78,-12.44
07/09/2015,-5.94,-8.76,-12.47
08/09/2015,-5.95,-8.79,-12.49
09/09/2015,-5.95,-8.8,-12.47
10/09/2015,-5.96,-8.85,-12.48
11/09/2015,-5.98,-8.92,-12.51
12/09/2015,-6.0,-8.98,-12.54
13/09/2015,-5.98,-8.97,-12.5
14/09/2015,-5.96,-8.96,-12.46
15/09/2015,-5.95,-9.02,-12.48
16/09/2015,-5.94,-9.03,-12.47
17/09/2015,-5.96,-9.06,-12.48
18/09/2015,-5.99,-9.08,-12.52
19/09/2015,-6.0,-9.07,-12.54
20/09/2015,-6.01,-9.06,-12.52
21/09/2015,-6.0,-9.05,-12.53
22/09/2015,-6.0,-9.02,-12.5
23/09/2015,-5.99,-8.89,-12.49
24/09/2015,-5.99,-8.85,-12.54
25/09/2015,-6.01,-8.89,-12.56
26/09/2015,-6.03,-8.92,-12.58
27/09/2015,-6.02,-8.99,-12.61
28/09/2015,-6.01,-8.97,-12.63
29/09/2015,-6.02,-8.92,-12.64
30/09/2015,-6.03,-8.94,-12.64
01/10/2015,-6.03,-8.9,-12.63
02/10/2015,-6.03,-8.81,-12.61
03/10/2015,-6.04,-8.78,-12.63
04/10/2015,-6.02,-8.72,-12.61
05/10/2015,-6.0,-8.59,-12.58
06/10/2015,-5.98,-8.51,-12.54
07/10/2015,-5.98,-8.51,-12.54
08/10/2015,-5.98,-8.52,-12.59
09/10/2015,-5.97,-8.49,-12.59
10/10/2015,-5.98,-8.4,-12.53
11/10/2015,-5.99,-8.36,-12.54
12/10/2015,-5.99,-8.36,-12.6
13/10/2015,-5.96,-8.28,-12.57
14/10/2015,-5.87,-8.17,-12.53
15/10/2015,-5.75,-7.92,-12.53
16/10/2015,-5.65,-7.65,-12.57
17/10/2015,-5.61,-7.56,-12.6
18/10/2015,-5.58,-7.5,-12.59
19/10/2015,-5.57,-7.39,-12.56
20/10/2015,-5.59,-7.34,-12.58
21/10/2015,-5.61,-7.31,-12.58
22/10/2015,-5.63,-7.29,-12.58
23/10/2015,-5.66,-7.31,-12.63
24/10/2015,-5.69,-7.37,-12.64
25/10/2015,-5.69,-7.38,-12.65
26/10/2015,-5.7,-7.32,-12.64
27/10/2015,-5.71,-7.28,-12.62
28/10/2015,-5.71,-7.16,-12.58
29/10/2015,-5.64,-6.93,-12.56
30/10/2015,-5.59,-6.8,-12.6
31/10/2015,-5.61,-6.81,-12.62
01/11/2015,-5.68,-6.82,-12.64
02/11/2015,-5.68,-6.74,-12.64
03/11/2015,-5.68,-6.66,-12.61
04/11/2015,-5.71,-6.59,-12.57
05/11/2015,-5.72,-6.55,-12.55
06/11/2015,-5.73,-6.56,-12.56
07/11/2015,-5.76,-6.64,-12.57
08/11/2015,-5.78,-6.67,-12.59
09/11/2015,-5.79,-6.61,-12.57
10/11/2015,-5.81,-6.6,-12.54
11/11/2015,-5.73,-6.55,-12.53
12/11/2015,-5.67,-6.53,-12.53
13/11/2015,-5.67,-6.57,-12.54
14/11/2015,-5.67,-6.59,-12.51
15/11/2015,-5.66,-6.6,-12.48
16/11/2015,-5.63,-6.56,-12.48
17/11/2015,-5.54,-6.57,-12.48
18/11/2015,-5.54,-6.54,-12.48
19/11/2015,-5.54,-6.53,-12.49
20/11/2015,-5.55,-6.48,-12.42
21/11/2015,-5.55,-6.4,-12.25
22/11/2015,-5.52,-6.45,-12.35
23/11/2015,-5.5,-6.43,-12.46
24/11/2015,-5.5,-6.42,-12.48
25/11/2015,-5.51,-6.33,-12.4
26/11/2015,-5.52,-6.28,-12.36
27/11/2015,-5.54,-6.32,-12.41
28/11/2015,-5.55,-6.39,-12.45
29/11/2015,-5.56,-6.46,-12.52
30/11/2015,-5.56,-6.4,-12.54
01/12/2015,-5.56,-6.36,-12.53
02/12/2015,-5.57,-6.37,-12.55
03/12/2015,-5.58,-6.39,-12.56
04/12/2015,-5.58,-6.4,-12.57
05/12/2015,-5.59,-6.45,-12.57
06/12/2015,-5.6,-6.45,-12.58
07/12/2015,-5.61,-6.37,-12.57
08/12/2015,-5.64,-6.36,-12.55
09/12/2015,-5.65,-6.29,-12.53
10/12/2015,-5.67,-6.33,-12.54
11/12/2015,-5.68,-6.33,-12.52
12/12/2015,-5.71,-6.37,-12.49
13/12/2015,-5.73,-6.36,-12.47
14/12/2015,-5.8,-6.3,-12.48
15/12/2015,-5.72,-6.32,-12.5
16/12/2015,-5.73,-6.32,-12.51
17/12/2015,-5.74,-6.34,-12.52
18/12/2015,-5.78,-6.37,-12.52
19/12/2015,-5.78,-6.38,-12.51
29/12/2015,-5.92,-6.29,-12.52
30/12/2015,-5.94,-6.33,-12.51
31/12/2015,-5.95,-6.35,-12.51
01/01/2016,-5.95,-6.36,-12.51
02/01/2016,-5.94,-6.2,-12.43
03/01/2016,-5.9,-6.02,-12.36
04/01/2016,-5.86,-5.82,-12.29
05/01/2016,-5.79,-5.67,-12.3
06/01/2016,-5.69,-5.56,-12.31
07/01/2016,-5.62,-5.44,-12.35
08/01/2016,-5.57,-5.38,-12.38
09/01/2016,-5.54,-5.4,-12.37
10/01/2016,-5.5,-5.34,-12.38
11/01/2016,-5.41,-5.24,-12.36
12/01/2016,-5.32,-5.24,-12.41
13/01/2016,-5.27,-5.29,-12.49
14/01/2016,-5.25,-5.24,-12.48
15/01/2016,-5.15,-5.09,-12.43
29/01/2016,-5.4,-5.13,-12.5
17/02/2016,-5.11,-4.66,-12.27
24/02/2016,-5.22,-4.44,-12.18
29/02/2016,-5.02,-4.2,-12.03
09/03/2016,-5.11,-4.09,-11.96
15/03/2016,-5.35,-4.27,-11.95
23/03/2016,-5.66,-4.4,-11.77
29/03/2016,-5.89,-4.61,-11.91
30/03/2016,-5.96,-4.66,-11.9
06/04/2016,-6.0,-4.78,-11.84
12/04/2016,-6.07,-4.96,-11.86
21/04/2016,-6.22,-5.23,-11.95
28/04/2016,-5.98,-4.61,-11.83
05/05/2016,-6.06,-4.9,-11.85
11/05/2016,-6.17,-4.93,-11.76
17/05/2016,-5.93,-4.65,-11.78
26/05/2016,-5.86,-4.86,-11.76
01/06/2016,-5.68,-5.07,-11.76
08/06/2016,-5.43,-5.15,-11.75
15/06/2016,-5.31,-5.19,-11.72
20/06/2016,-5.32,-5.36,-11.81
06/07/2016,-5.6,-6.3,-11.93
12/07/2016,-5.67,-6.51,-12.02
22/07/2016,-5.79,-7.28,-12.17
28/07/2016,-5.77,-7.54,-12.15
09/08/2016,-5.75,-7.35,-12.28
18/08/2016,-5.76,-7.11,-12.25
29/08/2016,-5.76,-7.67,-12.31
02/11/2016,-5.89,-6.62,-12.43
06/11/2016,-5.58,-6.16,-12.3
07/11/2016,-5.4,-5.95,-12.35
08/11/2016,-5.38,-5.83,-12.36
09/11/2016,-5.6,-5.78,-12.38
10/11/2016,-5.58,-5.72,-12.41
11/11/2016,-5.38,-5.67,-12.4
12/11/2016,-5.36,-5.63,-12.45
13/11/2016,-5.35,-5.66,-12.49
14/11/2016,-5.36,-5.61,-12.51
15/11/2016,-5.41,-5.6,-12.54
16/11/2016,-5.54,-5.57,-12.51
17/11/2016,-5.44,-5.53,-12.48
18/11/2016,-5.44,-5.49,-12.45
19/11/2016,-5.4,-5.24,-12.4
20/11/2016,-5.23,-5.0,-12.41
21/11/2016,-5.27,-4.92,-12.41
22/11/2016,-5.21,-4.87,-12.43
23/11/2016,-5.21,-4.87,-12.44
24/11/2016,-5.23,-4.85,-12.4
25/11/2016,-5.23,-4.82,-12.38
26/11/2016,-5.2,-4.86,-12.39
27/11/2016,-5.19,-4.9,-12.37
28/11/2016,-5.19,-4.86,-12.37
29/11/2016,-5.21,-4.91,-12.48
30/11/2016,-5.22,-4.96,-12.5
01/12/2016,-5.23,-4.94,-12.45
02/12/2016,-5.25,-4.91,-12.4
03/12/2016,-5.29,-4.94,-12.42
04/12/2016,-5.32,-4.98,-12.45
05/12/2016,-5.32,-4.96,-12.46
06/12/2016,-5.34,-4.99,-12.46
07/12/2016,-5.36,-5.03,-12.49
08/12/2016,-5.37,-5.08,-12.51
09/12/2016,-5.4,-5.06,-12.49
10/12/2016,-5.42,-5.1,-12.45
11/12/2016,-5.42,-5.09,-12.39
12/12/2016,-5.41,-5.08,-12.38
13/12/2016,-5.46,-5.15,-12.45
14/12/2016,-5.72,-5.21,-12.44
15/12/2016,-5.78,-5.22,-12.44
16/12/2016,-5.8,-5.24,-12.47
17/12/2016,-5.83,-5.3,-12.52
18/12/2016,-5.85,-5.3,-12.5
19/12/2016,-5.86,-5.28,-12.46
20/12/2016,-5.88,-5.33,-12.44
21/12/2016,-5.77,-5.37,-12.48
22/12/2016,-5.62,-5.38,-12.51
23/12/2016,-5.62,-5.4,-12.52
24/12/2016,-5.62,-5.42,-12.51
25/12/2016,-5.61,-5.39,-12.5
26/12/2016,-5.59,-5.29,-12.53
27/12/2016,-5.61,-5.28,-12.53
28/12/2016,-5.64,-5.34,-12.55
29/12/2016,-5.74,-5.39,-12.57
30/12/2016,-5.86,-5.44,-12.57
31/12/2016,-5.88,-5.53,-12.54
01/01/2017,-5.9,-5.52,-12.5
02/01/2017,-5.79,-5.41,-12.47
03/01/2017,-5.7,-5.39,-12.45
04/01/2017,-5.7,-5.43,-12.42
05/01/2017,-5.7,-5.46,-12.44
06/01/2017,-5.71,-5.49,-12.54
07/01/2017,-5.72,-5.52,-12.55
08/01/2017,-5.74,-5.55,-12.51
09/01/2017,-5.78,-5.58,-12.51
10/01/2017,-5.78,-5.53,-12.45
11/01/2017,-5.82,-5.7,-12.51
12/01/2017,-5.84,-5.75,-12.51
13/01/2017,-5.79,-5.6,-12.4
14/01/2017,-5.72,-5.67,-12.48
15/01/2017,-5.71,-5.64,-12.52
16/01/2017,-5.71,-5.57,-12.52
17/01/2017,-5.72,-5.53,-12.55
18/01/2017,-5.73,-5.54,-12.61
19/01/2017,-5.74,-5.57,-12.66
20/01/2017,-5.75,-5.6,-12.69
21/01/2017,-5.75,-5.67,-12.68
22/01/2017,-5.76,-5.67,-12.67
23/01/2017,-5.76,-5.61,-12.63
24/01/2017,-5.79,-5.58,-12.62
25/01/2017,-5.79,-5.59,-12.65
26/01/2017,-5.8,-5.62,-12.69
27/01/2017,-5.81,-5.61,-12.71
28/01/2017,-5.8,-5.62,-12.68
29/01/2017,-5.81,-5.64,-12.69
30/01/2017,-5.82,-5.6,-12.69
31/01/2017,-5.8,-5.57,-12.67
01/02/2017,-5.78,-5.52,-12.67
02/02/2017,-5.96,-5.44,-12.66
03/02/2017,-6.09,-5.38,-12.62
04/02/2017,-6.06,-5.43,-12.58
05/02/2017,-5.9,-5.26,-12.54
06/02/2017,-5.72,-4.99,-12.52
07/02/2017,-5.49,-4.93,-12.6
08/02/2017,-5.44,-4.89,-12.61
09/02/2017,-5.44,-4.9,-12.63
10/02/2017,-5.45,-4.89,-12.63
11/02/2017,-5.48,-4.87,-12.64
12/02/2017,-5.49,-4.84,-12.66
13/02/2017,-5.53,-4.77,-12.67
14/02/2017,-5.53,-4.82,-12.69
15/02/2017,-5.47,-4.9,-12.7
16/02/2017,-5.43,-4.86,-12.67
17/02/2017,-5.41,-4.81,-12.61
18/02/2017,-5.37,-4.81,-12.58
19/02/2017,-5.36,-4.81,-12.58
20/02/2017,-5.38,-4.76,-12.57
21/02/2017,-5.39,-4.72,-12.55
22/02/2017,-5.41,-4.69,-12.53
23/02/2017,-5.42,-4.68,-12.51
24/02/2017,-5.41,-4.63,-12.44
25/02/2017,-5.43,-4.69,-12.48
26/02/2017,-5.44,-4.72,-12.48
27/02/2017,-5.45,-4.65,-12.47
28/02/2017,-5.45,-4.58,-12.4
01/03/2017,-5.45,-4.59,-12.44
02/03/2017,-5.44,-4.73,-12.48
03/03/2017,-5.43,-4.75,-12.48
04/03/2017,-5.43,-4.78,-12.41
05/03/2017,-5.4,-4.7,-12.41
06/03/2017,-5.33,-4.58,-12.36
07/03/2017,-5.21,-4.43,-12.36
08/03/2017,-5.13,-4.47,-12.45
09/03/2017,-5.09,-4.48,-12.44
10/03/2017,-5.08,-4.42,-12.41
11/03/2017,-5.09,-4.47,-12.43
12/03/2017,-5.11,-4.49,-12.39
13/03/2017,-5.15,-4.49,-12.44
14/03/2017,-5.18,-4.5,-12.46
15/03/2017,-5.21,-4.46,-12.44
16/03/2017,-5.24,-4.43,-12.41
17/03/2017,-5.27,-4.51,-12.39
18/03/2017,-5.29,-4.53,-12.33
19/03/2017,-5.32,-4.55,-12.33
20/03/2017,-5.36,-4.56,-12.32
21/03/2017,-5.38,-4.59,-12.3
26/03/2017,-5.44,-4.76,-12.32
27/03/2017,-5.46,-4.75,-12.34
28/03/2017,-5.47,-4.85,-12.34
29/03/2017,-5.48,-4.85,-12.34
30/03/2017,-5.49,-4.86,-12.34
31/03/2017,-5.51,-4.86,-12.31
06/04/2017,-5.6,-4.87,-12.26
07/04/2017,-5.6,-4.85,-12.28
08/04/2017,-5.62,-5.03,-12.3
09/04/2017,-5.63,-5.05,-12.32
10/04/2017,-5.65,-4.98,-12.3
11/04/2017,-5.65,-4.89,-12.27
12/04/2017,-5.65,-4.83,-12.27
13/04/2017,-5.67,-4.79,-12.24
14/04/2017,-5.68,-4.82,-12.25
15/04/2017,-5.68,-4.86,-12.25
16/04/2017,-5.69,-4.82,-12.24
17/04/2017,-5.68,-4.76,-12.24
18/04/2017,-5.7,-4.75,-12.23
19/04/2017,-5.72,-4.77,-12.28
20/04/2017,-5.72,-4.85,-12.32
21/04/2017,-5.73,-4.92,-12.34
22/04/2017,-5.73,-4.9,-12.31
23/04/2017,-5.73,-4.92,-12.28
24/04/2017,-5.75,-4.89,-12.28
25/04/2017,-5.76,-4.8,-12.25
26/04/2017,-5.76,-4.72,-12.21
27/04/2017,-5.75,-4.68,-12.2
28/04/2017,-5.72,-4.68,-12.21
29/04/2017,-5.7,-4.74,-12.25
30/04/2017,-5.7,-4.8,-12.25
01/05/2017,-5.7,-4.73,-12.24
14/05/2017,-5.68,-4.95,-12.31
15/05/2017,-5.71,-4.94,-12.32
16/05/2017,-5.72,-5.01,-12.33
17/05/2017,-5.74,-5.06,-12.3
18/05/2017,-5.72,-5.07,-12.27
19/05/2017,-5.76,-5.07,-12.27
20/05/2017,-5.75,-5.16,-12.28
21/05/2017,-5.75,-5.17,-12.3
22/05/2017,-5.78,-5.19,-12.28
23/05/2017,-5.79,-5.24,-12.29
24/05/2017,-5.81,-5.29,-12.29
25/05/2017,-5.82,-5.27,-12.28
26/05/2017,-5.83,-5.39,-12.31
27/05/2017,-5.83,-5.5,-12.33
28/05/2017,-5.83,-5.57,-12.35
29/05/2017,-5.88,-5.58,-12.33
30/05/2017,-5.94,-5.67,-12.34
31/05/2017,-5.93,-5.87,-12.37
01/06/2017,-5.91,-6.01,-12.38
02/06/2017,-5.88,-6.05,-12.37
03/06/2017,-5.89,-6.05,-12.36
04/06/2017,-5.87,-6.03,-12.35
05/06/2017,-5.89,-6.08,-12.35
06/06/2017,-5.9,-6.13,-12.34
07/06/2017,-5.9,-6.17,-12.38
08/06/2017,-5.9,-6.26,-12.42
09/06/2017,-5.92,-6.34,-12.41
10/06/2017,-5.89,-6.41,-12.43
11/06/2017,-5.88,-6.42,-12.44
12/06/2017,-6.09,-6.45,-12.44
13/06/2017,-6.28,-6.62,-12.45
14/06/2017,-6.13,-6.61,-12.46
15/06/2017,-6.16,-6.61,-12.48
16/06/2017,-6.18,-6.68,-12.48
17/06/2017,-6.19,-6.68,-12.49
18/06/2017,-6.19,-6.69,-12.55
19/06/2017,-6.21,-6.7,-12.57
20/06/2017,-6.22,-6.79,-12.58
21/06/2017,-6.24,-6.82,-12.58
22/06/2017,-6.24,-6.87,-12.6
23/06/2017,-6.25,-6.93,-12.61
24/06/2017,-6.26,-6.91,-12.61
25/06/2017,-6.24,-6.85,-12.6
26/06/2017,-6.24,-6.8,-12.6
27/06/2017,-6.25,-6.83,-12.57
28/06/2017,-6.25,-6.77,-12.54
29/06/2017,-6.22,-6.71,-12.56
30/06/2017,-6.19,-6.71,-12.6
01/07/2017,-6.18,-6.68,-12.62
02/07/2017,-6.16,-6.68,-12.62
03/07/2017,-6.16,-6.71,-12.65
04/07/2017,-6.17,-6.74,-12.66
05/07/2017,-6.18,-6.82,-12.66
06/07/2017,-6.2,-6.83,-12.67
07/07/2017,-6.2,-6.94,-12.68
08/07/2017,-6.21,-7.08,-12.67
09/07/2017,-6.19,-6.98,-12.67
10/07/2017,-6.18,-6.92,-12.67
11/07/2017,-6.18,-6.97,-12.7
12/07/2017,-6.18,-7.03,-12.7
13/07/2017,-6.23,-7.02,-12.69
14/07/2017,-6.21,-6.99,-12.69
15/07/2017,-6.19,-6.95,-12.72
16/07/2017,-6.18,-6.96,-12.77
17/07/2017,-6.18,-6.92,-12.78
18/07/2017,-6.19,-6.91,-12.78
19/07/2017,-6.2,-6.98,-12.79
20/07/2017,-6.2,-7.07,-12.78
21/07/2017,-6.21,-7.16,-12.78
22/07/2017,-6.21,-7.24,-12.81
23/07/2017,-6.21,-7.28,-12.83
24/07/2017,-6.2,-7.22,-12.77
25/07/2017,-6.21,-7.31,-12.76
26/07/2017,-6.21,-7.32,-12.79
27/07/2017,-6.21,-7.32,-12.82
28/07/2017,-6.21,-7.35,-12.85
29/07/2017,-6.21,-7.43,-12.89
30/07/2017,-6.2,-7.51,-12.88
31/07/2017,-6.19,-7.51,-12.89
01/08/2017,-6.24,-7.54,-12.91
02/08/2017,-6.24,-7.59,-12.92
03/08/2017,-6.25,-7.76,-12.92
04/08/2017,-6.28,-7.81,-12.91
05/08/2017,-6.28,-7.89,-12.91
06/08/2017,-6.27,-7.86,-12.93
07/08/2017,-6.27,-7.82,-12.94
08/08/2017,-6.24,-7.92,-12.95
09/08/2017,-6.11,-8.01,-12.95
10/08/2017,-6.08,-7.98,-12.95
11/08/2017,-6.03,-7.95,-12.95
12/08/2017,-6.0,-7.92,-12.95
13/08/2017,-5.97,-7.9,-12.97
14/08/2017,-5.94,-7.81,-12.97
15/08/2017,-5.94,-7.74,-12.97
16/08/2017,-5.93,-7.68,-12.95
17/08/2017,-5.94,-7.69,-12.94
18/08/2017,-5.96,-7.72,-12.93
19/08/2017,-5.96,-7.74,-12.92
20/08/2017,-5.96,-7.7,-12.93
21/08/2017,-5.96,-7.73,-12.94
22/08/2017,-5.97,-7.9,-12.94
23/08/2017,-5.97,-8.02,-12.94
24/08/2017,-5.98,-8.18,-12.96
25/08/2017,-5.99,-8.26,-12.96
26/08/2017,-5.99,-8.37,-12.96
27/08/2017,-5.99,-8.44,-12.95
28/08/2017,-5.99,-8.43,-12.94
29/08/2017,-6.0,-8.47,-12.95
30/08/2017,-6.0,-8.49,-12.96
31/08/2017,-6.01,-8.57,-12.97
01/09/2017,-6.05,-8.56,-12.95
02/09/2017,-6.02,-8.5,-12.93
03/09/2017,-6.0,-8.45,-12.96
04/09/2017,-6.0,-8.49,-13.0
05/09/2017,-6.0,-8.55,-13.02
06/09/2017,-6.01,-8.51,-13.0
07/09/2017,-6.0,-8.42,-12.96
08/09/2017,-6.01,-8.45,-12.97
09/09/2017,-6.0,-8.42,-12.94
10/09/2017,-5.01,-8.16,-12.88
11/09/2017,-5.82,-7.9,-12.87
12/09/2017,-5.85,-7.8,-12.94
13/09/2017,-5.85,-7.78,-13.02
14/09/2017,-5.84,-7.68,-12.98
15/09/2017,-5.84,-7.62,-12.95
16/09/2017,-5.88,-7.59,-12.94
17/09/2017,-5.89,-7.57,-12.97
18/09/2017,-5.87,-7.51,-12.96
19/09/2017,-5.85,-7.44,-12.92
20/09/2017,-5.84,-7.43,-12.95
21/09/2017,-5.83,-7.41,-12.97
22/09/2017,-5.83,-7.39,-12.98
23/09/2017,-5.85,-7.39,-12.97
24/09/2017,-5.87,-7.33,-12.95
25/09/2017,-5.87,-7.27,-12.95
26/09/2017,-5.87,-7.28,-12.95
27/09/2017,-5.87,-7.28,-12.97
28/09/2017,-5.88,-7.28,-12.98
29/09/2017,-5.89,-7.25,-12.96
30/09/2017,-5.9,-7.25,-12.93
01/10/2017,-5.89,-7.29,-12.94
02/10/2017,-5.89,-7.25,-12.96
03/10/2017,-5.9,-7.27,-12.95
04/10/2017,-5.9,-7.24,-12.97
05/10/2017,-5.91,-7.19,-12.93
06/10/2017,-5.9,-7.11,-12.87
07/10/2017,-5.91,-7.15,-12.95
08/10/2017,-5.91,-7.17,-12.93
09/10/2017,-5.92,-7.11,-12.94
10/10/2017,-5.92,-7.08,-12.96
11/10/2017,-5.93,-7.1,-12.98
12/10/2017,-5.95,-7.16,-13.0
13/10/2017,-5.94,-7.16,-13.01
14/10/2017,-5.96,-7.2,-13.01
15/10/2017,-5.96,-7.26,-13.01
16/10/2017,-5.98,-7.24,-13.0
17/10/2017,-5.98,-7.14,-12.97
18/10/2017,-5.98,-7.07,-12.93
19/10/2017,-5.99,-7.02,-12.92
20/10/2017,-5.99,-7.03,-12.94
21/10/2017,-6.0,-7.12,-12.94
22/10/2017,-6.0,-7.08,-12.88
23/10/2017,-6.0,-7.03,-12.9
24/10/2017,-6.0,-7.03,-12.95
25/10/2017,-6.01,-7.05,-12.98
26/10/2017,-6.01,-7.11,-13.0
27/10/2017,-6.01,-7.03,-12.94
28/10/2017,-6.02,-7.05,-12.95
29/10/2017,-6.02,-7.16,-12.88
30/10/2017,-6.03,-7.29,-12.92
31/10/2017,-6.04,-7.3,-12.98
01/11/2017,-6.06,-7.29,-12.99
02/11/2017,-6.07,-7.22,-12.97
03/11/2017,-6.1,-7.11,-12.94
04/11/2017,-6.1,-7.13,-12.95
05/11/2017,-6.11,-7.1,-12.88
06/11/2017,-6.07,-7.12,-12.87
07/11/2017,-6.03,-7.03,-12.89
08/11/2017,-5.99,-7.0,-12.93
09/11/2017,-5.97,-6.98,-12.96
10/11/2017,-5.96,-6.95,-12.95
11/11/2017,-5.96,-6.98,-12.93
12/11/2017,-5.97,-6.93,-12.87
13/11/2017,-5.97,-6.79,-12.81
14/11/2017,-5.95,-6.79,-12.93
15/11/2017,-5.95,-6.81,-12.96
16/11/2017,-5.96,-6.79,-12.96
17/11/2017,-5.97,-6.82,-12.95
18/11/2017,-5.98,-6.85,-12.96
19/11/2017,-5.99,-6.85,-12.95
20/11/2017,-6.0,-6.85,-12.99
21/11/2017,-6.01,-6.81,-12.99
22/11/2017,-6.02,-6.81,-12.99
23/11/2017,-6.03,-6.82,-12.99
24/11/2017,-6.05,-6.81,-13.0
25/11/2017,-6.05,-6.81,-12.94
26/11/2017,-6.04,-6.83,-12.95
27/11/2017,-6.01,-6.88,-13.01
28/11/2017,-6.01,-6.81,-12.95
29/11/2017,-6.0,-6.73,-12.87
05/12/2017,-5.98,-6.78,-13.09
06/12/2017,-5.99,-6.75,-13.08
07/12/2017,-5.99,-6.73,-13.05
08/12/2017,-5.98,-6.62,-12.92
09/12/2017,-5.87,-6.46,-12.89
10/12/2017,-5.78,-6.39,-12.88
11/12/2017,-4.61,-6.09,-12.77
12/12/2017,-5.29,-5.79,-12.86
13/12/2017,-5.15,-5.73,-12.9
14/12/2017,-5.06,-5.6,-12.84
15/12/2017,-4.96,-5.43,-12.77
16/12/2017,-4.89,-5.42,-12.82
17/12/2017,-4.88,-5.48,-12.92
18/12/2017,-4.9,-5.46,-12.95
19/12/2017,-4.94,-5.44,-13.0
20/12/2017,-4.99,-5.43,-13.0
21/12/2017,-5.02,-5.63,-13.01
22/12/2017,-5.06,-5.54,-12.98
23/12/2017,-5.1,-5.5,-12.99
24/12/2017,-5.16,-5.5,-12.99
25/12/2017,-5.2,-5.51,-12.96
26/12/2017,-5.21,-5.4,-12.87
27/12/2017,-5.18,-5.3,-12.7
28/12/2017,-5.08,-5.1,-12.69
29/12/2017,-5.0,-5.13,-12.84
30/12/2017,-4.98,-5.17,-12.87
31/12/2017,-4.98,-5.21,-12.89
01/01/2018,-4.99,-5.18,-12.82
02/01/2018,-4.99,-5.07,-12.83
03/01/2018,-4.99,-5.04,-12.82
04/01/2018,-4.99,-4.97,-12.79
05/01/2018,-5.01,-4.97,-12.79
06/01/2018,-5.03,-5.0,-12.81
07/01/2018,-5.04,-5.05,-12.84
08/01/2018,-5.06,-5.06,-12.84
09/01/2018,-5.08,-5.05,-12.85
10/01/2018,-5.1,-5.02,-12.82
11/01/2018,-5.12,-4.95,-12.78
12/01/2018,-5.15,-4.96,-12.82
13/01/2018,-5.17,-5.05,-12.85
14/01/2018,-5.2,-5.09,-12.84
15/01/2018,-5.23,-5.06,-12.85
16/01/2018,-5.23,-4.93,-12.76
17/01/2018,-5.18,-4.82,-12.73
18/01/2018,-5.12,-4.85,-12.83
19/01/2018,-5.09,-4.79,-12.77
23/01/2018,-5.06,-4.74,-12.84
24/01/2018,-5.08,-4.83,-12.9
25/01/2018,-5.1,-4.79,-12.86
26/01/2018,-5.11,-4.75,-12.83
27/01/2018,-5.13,-4.8,-12.87
28/01/2018,-5.16,-4.87,-12.9
29/01/2018,-5.18,-4.85,-12.88
30/01/2018,-5.2,-4.8,-12.85
31/01/2018,-5.22,-4.78,-12.79
01/02/2018,-5.24,-4.7,-12.68
02/02/2018,-5.21,-4.61,-12.63
03/02/2018,-5.15,-4.56,-12.62
04/02/2018,-5.08,-4.62,-12.72
05/02/2018,-5.05,-4.64,-12.74
06/02/2018,-5.05,-4.58,-12.67
07/02/2018,-5.05,-4.53,-12.64
08/02/2018,-5.06,-4.56,-12.72
09/02/2018,-5.09,-4.56,-12.72
10/02/2018,-5.11,-4.57,-12.69
11/02/2018,-5.12,-4.63,-12.7
12/02/2018,-5.14,-4.6,-12.69
13/02/2018,-5.16,-4.55,-12.71
14/02/2018,-5.16,-4.54,-12.73
15/02/2018,-5.18,-4.58,-12.8
16/02/2018,-5.2,-4.55,-12.81
17/02/2018,-5.21,-4.51,-12.78
18/02/2018,-5.17,-4.46,-12.73
19/02/2018,-5.13,-4.4,-12.72
20/02/2018,-5.11,-4.32,-12.67
21/02/2018,-5.1,-4.3,-12.65
22/02/2018,-5.1,-4.28,-12.64
23/02/2018,-5.13,-4.29,-12.64
24/02/2018,-5.13,-4.34,-12.66
25/02/2018,-5.13,-4.44,-12.69
26/02/2018,-5.16,-4.43,-12.68
27/02/2018,-5.18,-4.42,-12.69
28/02/2018,-5.22,-4.48,-12.74
01/03/2018,-5.24,-4.58,-12.67
02/03/2018,-5.23,-4.49,-12.58
03/03/2018,-5.17,-4.48,-12.6
04/03/2018,-5.05,-4.41,-12.64
05/03/2018,-4.96,-4.4,-12.58
06/03/2018,-4.91,-4.36,-12.57
07/03/2018,-4.86,-4.35,-12.61
08/03/2018,-4.77,-4.37,-12.69
09/03/2018,-4.74,-4.38,-12.72
10/03/2018,-4.72,-4.38,-12.7
11/03/2018,-4.6,-4.35,-12.62
12/03/2018,-4.54,-4.2,-12.58
13/03/2018,-4.44,-4.16,-12.59
14/03/2018,-4.38,-4.18,-12.6
15/03/2018,-4.34,-4.19,-12.54
16/03/2018,-4.17,-4.08,-12.5
17/03/2018,-4.05,-4.07,-12.42
18/03/2018,-4.01,-4.05,-12.39
19/03/2018,-3.96,-3.96,-12.41
20/03/2018,-3.96,-3.95,-12.42
21/03/2018,-4.03,-4.04,-12.49
22/03/2018,-4.12,-4.1,-12.45
23/03/2018,-4.2,-4.14,-12.4
24/03/2018,-4.28,-4.18,-12.4
25/03/2018,-4.36,-4.23,-12.42
26/03/2018,-4.45,-4.22,-12.44
27/03/2018,-4.51,-4.25,-12.46
28/03/2018,-4.57,-4.27,-12.44
29/03/2018,-4.62,-4.29,-12.42
30/03/2018,-4.67,-4.31,-12.4
31/03/2018,-4.69,-4.32,-12.34
01/04/2018,-4.66,-4.3,-12.4
02/04/2018,-4.63,-4.3,-12.45
03/04/2018,-4.64,-4.29,-12.45
04/04/2018,-4.64,-4.29,-12.42
05/04/2018,-4.59,-4.26,-12.4
06/04/2018,-4.53,-4.33,-12.43
07/04/2018,-4.52,-4.39,-12.41
08/04/2018,-4.51,-4.41,-12.38
09/04/2018,-4.54,-4.35,-12.34
10/04/2018,-4.55,-4.3,-12.35
11/04/2018,-4.55,-4.25,-12.3
12/04/2018,-4.55,-4.24,-12.3
13/04/2018,-4.57,-4.26,-12.36
14/04/2018,-4.58,-4.34,-12.36
15/04/2018,-4.61,-4.31,-12.3
16/04/2018,-4.64,-4.33,-12.33
17/04/2018,-4.69,-4.42,-12.4
18/04/2018,-4.71,-4.48,-12.43
19/04/2018,-4.75,-4.53,-12.43
20/04/2018,-4.78,-4.56,-12.4
21/04/2018,-4.81,-4.62,-12.37
22/04/2018,-4.85,-4.64,-12.37
23/04/2018,-4.89,-4.64,-12.37
24/04/2018,-4.95,-4.59,-12.37
25/04/2018,-4.99,-4.62,-12.36
26/04/2018,-5.0,-4.6,-12.33
27/04/2018,-5.01,-4.6,-12.32
28/04/2018,-5.05,-4.67,-12.32
29/04/2018,-5.09,-4.71,-12.31
30/04/2018,-5.1,-4.71,-12.33
01/05/2018,-5.12,-4.7,-12.32
02/05/2018,-5.13,-4.67,-12.25
03/05/2018,-5.09,-4.59,-12.23
04/05/2018,-5.1,-4.6,-12.27
05/05/2018,-5.13,-4.7,-12.31
06/05/2018,-5.16,-4.75,-12.32
07/05/2018,-5.17,-4.74,-12.31
08/05/2018,-5.17,-4.71,-12.26
09/05/2018,-5.19,-4.69,-12.26
10/05/2018,-5.2,-4.71,-12.29
11/05/2018,-5.21,-4.74,-12.32
12/05/2018,-5.21,-4.8,-12.32
13/05/2018,-5.23,-4.81,-12.29
14/05/2018,-5.22,-4.79,-12.29
15/05/2018,-5.24,-4.76,-12.28
16/05/2018,-5.22,-4.77,-12.3
17/05/2018,-5.25,-4.7,-12.31
18/05/2018,-5.25,-4.71,-12.3
19/05/2018,-5.28,-4.79,-12.3
20/05/2018,-5.3,-4.82,-12.3
21/05/2018,-5.31,-4.78,-12.29
22/05/2018,-5.28,-4.68,-12.28
23/05/2018,-5.28,-4.6,-12.29
24/05/2018,-5.27,-4.61,-12.3
25/05/2018,-5.28,-4.63,-12.29
26/05/2018,-5.3,-4.71,-12.3
27/05/2018,-5.33,-4.78,-12.3
28/05/2018,-5.37,-4.76,-12.3
29/05/2018,-5.37,-4.76,-12.28
30/05/2018,-5.37,-4.82,-12.28
31/05/2018,-5.36,-4.84,-12.3
01/06/2018,-5.42,-4.9,-12.31
02/06/2018,-5.41,-4.97,-12.31
03/06/2018,-5.39,-5.0,-12.29
04/06/2018,-5.4,-4.97,-12.26
05/06/2018,-5.41,-4.98,-12.26
06/06/2018,-5.47,-5.05,-12.3
07/06/2018,-5.66,-5.09,-12.3
08/06/2018,-5.48,-5.08,-12.28
09/06/2018,-5.44,-5.14,-12.29
10/06/2018,-5.41,-5.21,-12.29
11/06/2018,-5.43,-5.21,-12.28
12/06/2018,-5.44,-5.21,-12.27
13/06/2018,-5.45,-5.18,-12.26
14/06/2018,-5.43,-5.15,-12.27
15/06/2018,-5.45,-5.18,-12.3
16/06/2018,-5.44,-5.27,-12.31
17/06/2018,-5.41,-5.31,-12.33
18/06/2018,-5.44,-5.3,-12.35
19/06/2018,-5.48,-5.34,-12.37
20/06/2018,-5.49,-5.41,-12.37
21/06/2018,-5.5,-5.49,-12.36
22/06/2018,-5.5,-5.57,-12.35
23/06/2018,-5.49,-5.66,-12.39
24/06/2018,-5.5,-5.71,-12.39
25/06/2018,-5.51,-5.7,-12.38
26/06/2018,-5.47,-5.76,-12.4
27/06/2018,-5.52,-5.79,-12.38
28/06/2018,-5.5,-5.76,-12.36
29/06/2018,-5.55,-5.77,-12.36
30/06/2018,-5.5,-5.83,-12.37
01/07/2018,-5.52,-5.86,-12.39
02/07/2018,-5.54,-5.87,-12.41
03/07/2018,-5.53,-5.92,-12.43
04/07/2018,-5.54,-6.03,-12.44
05/07/2018,-5.55,-6.06,-12.43
06/07/2018,-5.56,-6.11,-12.44
07/07/2018,-5.56,-6.14,-12.47
08/07/2018,-5.57,-6.12,-12.46
09/07/2018,-5.59,-6.1,-12.45
10/07/2018,-5.59,-6.14,-12.44
11/07/2018,-5.62,-6.16,-12.44
12/07/2018,-5.61,-6.18,-12.47
13/07/2018,-5.61,-6.23,-12.49
14/07/2018,-5.62,-6.3,-12.49
15/07/2018,-5.65,-6.32,-12.48
16/07/2018,-5.68,-6.34,-12.47
17/07/2018,-5.65,-6.36,-12.46
18/07/2018,-5.65,-6.44,-12.48
19/07/2018,-5.67,-6.5,-12.48
20/07/2018,-5.69,-6.55,-12.48
21/07/2018,-5.66,-6.6,-12.47
22/07/2018,-5.64,-6.53,-12.48
23/07/2018,-5.63,-6.47,-12.48
24/07/2018,-5.66,-6.49,-12.49
25/07/2018,-5.67,-6.53,-12.49
26/07/2018,-5.69,-6.54,-12.5
27/07/2018,-5.66,-6.54,-12.51
28/07/2018,-5.63,-6.62,-12.52
29/07/2018,-5.64,-6.69,-12.54
30/07/2018,-5.65,-6.69,-12.54
31/07/2018,-5.63,-6.75,-12.56
01/08/2018,-5.65,-6.79,-12.58
02/08/2018,-5.66,-6.79,-12.6
03/08/2018,-5.63,-6.8,-12.6
04/08/2018,-5.66,-6.86,-12.61
05/08/2018,-5.63,-6.9,-12.62
06/08/2018,-5.63,-6.92,-12.63
07/08/2018,-5.64,-6.95,-12.63
08/08/2018,-5.64,-6.96,-12.64
09/08/2018,-5.64,-7.03,-12.65
10/08/2018,-5.64,-7.09,-12.67
11/08/2018,-5.65,-7.2,-12.66
12/08/2018,-5.62,-7.19,-12.65
13/08/2018,-5.66,-7.14,-12.62
14/08/2018,-5.61,-7.1,-12.61
15/08/2018,-5.6,-7.06,-12.62
16/08/2018,-5.62,-7.06,-12.62
17/08/2018,-5.61,-7.09,-12.62
18/08/2018,-5.64,-7.15,-12.63
19/08/2018,-5.62,-7.19,-12.63
20/08/2018,-5.61,-7.22,-12.62
21/08/2018,-5.63,-7.33,-12.63
22/08/2018,-5.64,-7.4,-12.64
23/08/2018,-5.63,-7.44,-12.62
24/08/2018,-5.65,-7.47,-12.61
25/08/2018,-5.64,-7.48,-12.59
26/08/2018,-5.62,-7.38,-12.61
27/08/2018,-5.64,-7.32,-12.66
28/08/2018,-5.65,-7.38,-12.67
29/08/2018,-5.66,-7.45,-12.67
30/08/2018,-5.63,-7.5,-12.68
31/08/2018,-5.66,-7.51,-12.68
01/09/2018,-5.54,-7.52,-12.69
02/09/2018,-5.57,-7.41,-12.7
03/09/2018,-5.56,-7.36,-12.69
04/09/2018,-5.56,-7.32,-12.69
05/09/2018,-5.6,-7.37,-12.69
06/09/2018,-5.59,-7.46,-12.67
07/09/2018,-5.59,-7.55,-12.69
08/09/2018,-5.6,-7.59,-12.73
09/09/2018,-5.57,-7.66,-12.75
10/09/2018,-5.58,-7.63,-12.76
11/09/2018,-5.61,-7.64,-12.79
12/09/2018,-5.67,-7.66,-12.78
13/09/2018,-5.65,-7.62,-12.75
14/09/2018,-5.69,-7.65,-12.75
15/09/2018,-5.59,-7.71,-12.78
03/10/2018,-5.69,-7.91,-12.83
04/10/2018,-5.67,-7.89,-12.85
05/10/2018,-5.73,-7.83,-12.84
06/10/2018,-5.72,-7.77,-12.81
07/10/2018,-5.73,-7.72,-12.8
08/10/2018,-5.68,-7.7,-12.83
09/10/2018,-5.78,-7.69,-12.84
10/10/2018,-5.81,-7.66,-12.84
11/10/2018,-5.8,-7.63,-12.84
12/10/2018,-5.72,-7.62,-12.86
13/10/2018,-5.77,-7.64,-12.85
14/10/2018,-5.72,-7.64,-12.82
15/10/2018,-5.8,-7.59,-12.81
16/10/2018,-5.82,-7.56,-12.82
17/10/2018,-5.82,-7.48,-12.8
18/10/2018,-5.71,-7.52,-12.79
19/10/2018,-5.73,-7.55,-12.81
20/10/2018,-5.78,-7.63,-12.84
21/10/2018,-5.76,-7.63,-12.82
22/10/2018,-5.73,-7.59,-12.83
23/10/2018,-5.75,-7.65,-12.83
24/10/2018,-5.83,-7.67,-12.79
25/10/2018,-5.85,-7.61,-12.8
26/10/2018,-5.87,-7.57,-12.78
27/10/2018,-5.76,-7.54,-12.71
28/10/2018,-5.73,-7.57,-12.69
29/10/2018,-5.76,-7.58,-12.65
30/10/2018,-5.68,-7.65,-12.75
31/10/2018,-5.59,-7.65,-12.82
01/11/2018,-5.54,-7.56,-12.79
02/11/2018,-5.64,-7.48,-12.79
03/11/2018,-5.67,-7.47,-12.79
04/11/2018,-5.67,-7.45,-12.75
05/11/2018,-5.56,-7.38,-12.75
06/11/2018,-5.52,-7.35,-12.76
07/11/2018,-5.55,-7.33,-12.77
08/11/2018,-5.59,-7.35,-12.8
09/11/2018,-5.56,-7.36,-12.77
10/11/2018,-5.52,-7.37,-12.76
11/11/2018,-5.55,-7.38,-12.8
12/11/2018,-5.64,-7.32,-12.84
13/11/2018,-5.63,-7.3,-12.85
14/11/2018,-5.52,-7.2,-12.84
15/11/2018,-5.54,-7.14,-12.81
16/11/2018,-5.65,-7.11,-12.82
17/11/2018,-5.6,-7.13,-12.81
18/11/2018,-5.61,-7.11,-12.77
19/11/2018,-5.58,-7.05,-12.7
20/11/2018,-5.69,-7.02,-12.69
21/11/2018,-5.71,-7.05,-12.76
22/11/2018,-5.72,-7.08,-12.8
23/11/2018,-5.5,-7.04,-12.8
24/11/2018,-4.95,-6.98,-12.75
25/11/2018,-5.39,-6.89,-12.69
26/11/2018,-5.4,-6.83,-12.67
27/11/2018,-5.34,-6.86,-12.72
28/11/2018,-5.31,-6.92,-12.81
29/11/2018,-5.41,-6.94,-12.83
30/11/2018,-5.38,-6.84,-12.8
01/12/2018,-5.38,-6.83,-12.79
02/12/2018,-5.43,-6.83,-12.8
03/12/2018,-5.38,-6.71,-12.75
04/12/2018,-5.46,-6.6,-12.75
05/12/2018,-5.45,-6.61,-12.81
06/12/2018,-5.47,-6.61,-12.79
07/12/2018,-5.39,-6.6,-12.78
08/12/2018,-5.36,-6.57,-12.71
09/12/2018,-5.4,-6.52,-12.7
10/12/2018,-5.4,-6.49,-12.73
11/12/2018,-5.41,-6.49,-12.76
12/12/2018,-5.36,-6.5,-12.76
13/12/2018,-5.45,-6.47,-12.72
14/12/2018,-5.5,-6.44,-12.72
15/12/2018,-5.48,-6.53,-12.77
16/12/2018,-5.39,-6.55,-12.76
17/12/2018,-5.43,-6.48,-12.76
18/12/2018,-5.47,-6.47,-12.82
19/12/2018,-5.46,-6.49,-12.79
20/12/2018,-5.41,-6.42,-12.79
21/12/2018,-5.39,-6.34,-12.82
22/12/2018,-5.4,-6.34,-12.8
23/12/2018,-5.42,-6.29,-12.8
24/12/2018,-5.43,-6.18,-12.77
25/12/2018,-5.32,-6.2,-12.85
26/12/2018,-5.31,-6.13,-12.86
27/12/2018,-5.35,-6.05,-12.83
28/12/2018,-5.39,-5.99,-12.82
29/12/2018,-5.37,-6.0,-12.82
30/12/2018,-5.37,-5.99,-12.81
31/12/2018,-5.42,-5.96,-12.82
01/01/2019,-5.46,-5.97,-12.82
02/01/2019,-5.47,-5.87,-12.77
03/01/2019,-5.41,-5.9,-12.83
04/01/2019,-5.42,-5.96,-12.84
05/01/2019,-5.48,-6.05,-12.8
06/01/2019,-5.48,-6.09,-12.8
07/01/2019,-5.48,-6.09,-12.84
09/01/2019,-5.55,-6.02,-12.7
10/01/2019,-5.6,-6.06,-12.76
11/01/2019,-5.6,-6.12,-12.85
12/01/2019,-5.49,-6.21,-12.89
13/01/2019,-5.5,-6.26,-12.86
14/01/2019,-5.57,-6.25,-12.84
15/01/2019,-5.57,-6.45,-12.94
16/01/2019,-5.54,-6.52,-12.94
17/01/2019,-5.54,-6.52,-12.89
18/01/2019,-5.55,-6.37,-12.85
19/01/2019,-5.48,-6.25,-12.87
20/01/2019,-5.53,-6.1,-12.87
21/01/2019,-5.56,-5.98,-12.87
22/01/2019,-5.52,-5.85,-12.81
24/01/2019,-5.49,-5.71,-12.75
25/01/2019,-5.6,-5.76,-12.83
26/01/2019,-5.62,-5.83,-12.87
27/01/2019,-5.57,-5.76,-12.81
28/01/2019,-5.51,-5.67,-12.78
29/01/2019,-5.49,-5.72,-12.85
30/01/2019,-5.58,-5.65,-12.81
31/01/2019,-5.56,-5.6,-12.83
01/02/2019,-5.52,-5.61,-12.78
02/02/2019,-5.34,-5.37,-12.77
03/02/2019,-5.09,-5.23,-12.83
04/02/2019,-5.07,-5.29,-12.95
05/02/2019,-5.02,-5.39,-12.96
06/02/2019,-4.91,-5.29,-12.95
07/02/2019,-4.97,-5.19,-12.93
08/02/2019,-5.03,-5.14,-12.93
09/02/2019,-5.0,-5.14,-12.94
10/02/2019,-5.04,-5.11,-12.89
11/02/2019,-5.02,-5.04,-12.86
12/02/2019,-5.16,-5.08,-12.96
13/02/2019,-5.21,-5.14,-13.02
14/02/2019,-5.22,-5.16,-13.01
15/02/2019,-5.14,-5.13,-12.99
16/02/2019,-5.19,-5.17,-12.98
17/02/2019,-5.25,-5.18,-12.96
18/02/2019,-5.25,-5.13,-12.93
19/02/2019,-5.3,-5.11,-12.91
20/02/2019,-5.28,-5.13,-12.92
21/02/2019,-5.37,-5.2,-12.93
22/02/2019,-5.35,-5.23,-12.91
23/02/2019,-5.39,-5.27,-12.94
24/02/2019,-5.34,-5.32,-12.95
25/02/2019,-5.35,-5.32,-12.93
26/02/2019,-5.38,-5.32,-12.9
27/02/2019,-5.38,-5.32,-12.87
28/02/2019,-5.39,-5.36,-12.85
01/03/2019,-5.44,-5.33,-12.8
14/03/2019,-5.49,-5.94,-12.71
15/03/2019,-5.52,-5.84,-12.72
16/03/2019,-5.55,-5.81,-12.75
17/03/2019,-5.52,-5.8,-12.74
18/03/2019,-5.49,-5.73,-12.72
19/03/2019,-5.55,-5.71,-12.78
20/03/2019,-5.65,-5.74,-12.82
21/03/2019,-5.64,-5.76,-12.82
22/03/2019,-5.54,-5.75,-12.81
23/03/2019,-5.63,-5.8,-12.78
24/03/2019,-5.59,-5.83,-12.77
25/03/2019,-5.57,-5.77,-12.72
26/03/2019,-5.57,-5.72,-12.75
27/03/2019,-5.54,-5.74,-12.8
28/03/2019,-5.67,-5.8,-12.81
29/03/2019,-5.65,-5.82,-12.83
30/03/2019,-5.68,-5.89,-12.79
31/03/2019,-5.58,-5.89,-12.75
01/04/2019,-5.63,-5.83,-12.73
02/04/2019,-5.65,-5.8,-12.73
03/04/2019,-5.61,-5.74,-12.69
04/04/2019,-5.59,-5.61,-12.62
05/04/2019,-5.56,-5.59,-12.65
06/04/2019,-5.59,-5.66,-12.67
07/04/2019,-5.57,-5.66,-12.67
08/04/2019,-5.6,-5.61,-12.69
09/04/2019,-5.51,-5.57,-12.69
10/04/2019,-5.51,-5.54,-12.68
11/04/2019,-5.57,-5.5,-12.69
12/04/2019,-5.56,-5.47,-12.7
13/04/2019,-5.54,-5.52,-12.72
14/04/2019,-5.54,-5.5,-12.7
15/04/2019,-5.62,-5.42,-12.74
16/04/2019,-5.61,-5.4,-12.75
17/04/2019,-5.6,-5.4,-12.76
18/04/2019,-5.54,-5.43,-12.77
19/04/2019,-5.52,-5.59,-12.8
08/05/2019,-5.3,-5.08,-12.64
09/05/2019,-5.27,-4.99,-12.57
10/05/2019,-5.3,-4.95,-12.61
11/05/2019,-5.25,-4.94,-12.62
12/05/2019,-5.27,-4.9,-12.6
13/05/2019,-5.18,-4.87,-12.63
14/05/2019,-5.17,-4.89,-12.62
15/05/2019,-5.24,-4.97,-12.6
16/05/2019,-5.19,-4.93,-12.59
17/05/2019,-5.16,-5.09,-12.57
18/05/2019,-5.15,-5.1,-12.53
19/05/2019,-5.22,-5.06,-12.53
20/05/2019,-5.29,-5.04,-12.54
21/05/2019,-5.24,-5.04,-12.58
22/05/2019,-5.16,-5.04,-12.59
23/05/2019,-5.18,-5.09,-12.6
24/05/2019,-5.25,-5.15,-12.58
25/05/2019,-5.19,-5.19,-12.58
26/05/2019,-5.16,-5.16,-12.56
27/05/2019,-5.19,-5.11,-12.52
28/05/2019,-5.26,-5.12,-12.51
29/05/2019,-5.28,-5.1,-12.55
30/05/2019,-5.27,-5.17,-12.62
31/05/2019,-5.21,-5.26,-12.63
01/06/2019,-5.21,-5.36,-12.61
02/06/2019,-5.26,-5.42,-12.6
03/06/2019,-5.28,-5.43,-12.59
04/06/2019,-5.25,-5.48,-12.59
05/06/2019,-5.27,-5.54,-12.57
06/06/2019,-5.3,-5.58,-12.59
07/06/2019,-5.37,-5.63,-12.62
08/06/2019,-5.36,-5.72,-12.65
09/06/2019,-5.45,-5.73,-12.63
10/06/2019,-5.49,-5.68,-12.59
11/06/2019,-5.39,-5.72,-12.58
12/06/2019,-5.47,-5.8,-12.62
13/06/2019,-5.51,-5.84,-12.66
14/06/2019,-5.46,-5.89,-12.65
15/06/2019,-5.47,-5.96,-12.66
16/06/2019,-5.43,-5.95,-12.66
17/06/2019,-5.54,-5.93,-12.66
18/06/2019,-5.55,-5.99,-12.66
19/06/2019,-5.57,-6.07,-12.67
20/06/2019,-5.47,-6.14,-12.68
21/06/2019,-5.53,-6.22,-12.69
22/06/2019,-5.49,-6.29,-12.69
23/06/2019,-5.48,-6.28,-12.71
24/06/2019,-5.51,-6.3,-12.73
25/06/2019,-5.55,-6.4,-12.77
26/06/2019,-5.57,-6.53,-12.79
27/06/2019,-5.6,-6.59,-12.77
28/06/2019,-5.63,-6.61,-12.74
29/06/2019,-5.54,-6.64,-12.77
30/06/2019,-5.53,-6.63,-12.79
01/07/2019,-5.68,-6.61,-12.79
02/07/2019,-5.59,-6.76,-12.78
03/07/2019,-5.58,-6.8,-12.79
04/07/2019,-5.62,-6.84,-12.81
05/07/2019,-5.67,-6.88,-12.82
06/07/2019,-5.64,-6.99,-12.82
07/07/2019,-5.63,-7.04,-12.8
08/07/2019,-5.63,-7.01,-12.8
09/07/2019,-5.62,-6.85,-12.79
10/07/2019,-5.65,-6.72,-12.79
11/07/2019,-5.71,-6.72,-12.82
12/07/2019,-5.59,-6.72,-12.81
13/07/2019,-5.63,-6.8,-12.8
14/07/2019,-5.63,-6.77,-12.81
15/07/2019,-5.58,-6.68,-12.81
16/07/2019,-5.54,-6.67,-12.83
17/07/2019,-5.52,-6.66,-12.83
18/07/2019,-5.59,-6.69,-12.83
19/07/2019,-5.65,-6.72,-12.86
20/07/2019,-5.66,-6.77,-12.88
21/07/2019,-5.54,-6.77,-12.9
22/07/2019,-5.59,-6.77,-12.9
23/07/2019,-5.56,-6.82,-12.89
24/07/2019,-5.55,-6.92,-12.88
25/07/2019,-5.66,-7.01,-12.89
26/07/2019,-5.63,-7.12,-12.87
27/07/2019,-5.62,-7.08,-12.83
20/08/2019,-5.62,-7.12,-13.05
21/08/2019,-5.61,-7.19,-13.05
22/08/2019,-5.61,-7.23,-13.05
23/08/2019,-5.69,-7.22,-13.06
24/08/2019,-5.7,-7.2,-13.05
25/08/2019,-5.59,-7.26,-13.03
26/08/2019,-5.65,-7.27,-13.03
27/08/2019,-5.65,-7.3,-13.04
28/08/2019,-5.62,-7.37,-13.04
29/08/2019,-5.73,-7.46,-13.05
30/08/2019,-5.75,-7.5,-13.05
31/08/2019,-5.63,-7.52,-13.03
01/09/2019,-5.62,-7.51,-13.01
02/09/2019,-5.76,-7.47,-13.02
03/09/2019,-5.68,-7.51,-13.05
04/09/2019,-5.68,-7.55,-13.04
05/09/2019,-5.65,-7.57,-13.01
06/09/2019,-5.65,-7.59,-13.03
07/09/2019,-5.74,-7.64,-13.05
08/09/2019,-5.74,-7.66,-13.02
09/09/2019,-5.65,-7.67,-13.03
10/09/2019,-5.69,-7.71,-13.04
11/09/2019,-5.72,-7.79,-13.08
12/09/2019,-5.71,-7.87,-13.13
13/09/2019,-5.69,-7.96,-13.14
14/09/2019,-5.67,-8.07,-13.13
15/09/2019,-5.66,-8.05,-13.11
16/09/2019,-5.78,-8.03,-13.08
17/09/2019,-5.77,-8.01,-13.06
18/09/2019,-5.68,-8.08,-13.06
19/09/2019,-5.73,-8.12,-13.07
20/09/2019,-5.76,-8.16,-13.13
21/09/2019,-5.69,-8.17,-13.14
22/09/2019,-5.65,-8.13,-13.09
23/09/2019,-5.7,-7.99,-13.06
24/09/2019,-5.7,-7.99,-13.07
25/09/2019,-5.7,-7.98,-13.06
26/09/2019,-5.71,-7.96,-13.13
28/09/2019,-5.65,-7.95,-13.15
29/09/2019,-5.67,-7.9,-13.14
30/09/2019,-5.68,-7.78,-13.11
01/10/2019,-5.64,-7.75,-13.11
02/10/2019,-5.62,-7.71,-13.06
03/10/2019,-5.69,-7.76,-13.11
04/10/2019,-5.71,-7.83,-13.14
05/10/2019,-5.71,-7.82,-13.13
06/10/2019,-5.62,-7.89,-13.19
07/10/2019,-5.67,-7.8,-13.16
08/10/2019,-5.75,-7.9,-13.21
09/10/2019,-5.69,-7.91,-13.2
10/10/2019,-5.63,-7.86,-13.19
11/10/2019,-5.68,-7.93,-13.24
12/10/2019,-5.65,-7.95,-13.24
13/10/2019,-5.71,-7.92,-13.24
14/10/2019,-5.76,-7.83,-13.22
15/10/2019,-5.74,-7.77,-13.17
16/10/2019,-5.8,-7.79,-13.2
17/10/2019,-5.79,-7.77,-13.23
18/10/2019,-5.72,-7.74,-13.26
19/10/2019,-5.72,-7.72,-13.27
20/10/2019,-5.66,-7.77,-13.3
21/10/2019,-5.77,-7.79,-13.28
22/10/2019,-5.8,-7.81,-13.26
23/10/2019,-5.8,-7.82,-13.23
24/10/2019,-5.7,-7.75,-13.21
25/10/2019,-5.72,-7.71,-13.27
26/10/2019,-5.69,-7.71,-13.3
27/10/2019,-5.68,-7.66,-13.25
28/10/2019,-5.66,-7.59,-13.27
29/10/2019,-5.64,-7.53,-13.26
30/10/2019,-5.72,-7.48,-13.23
31/10/2019,-5.74,-7.41,-13.22
01/11/2019,-5.76,-7.37,-13.17
02/11/2019,-5.68,-7.3,-13.09
03/11/2019,-5.65,-7.19,-12.98
04/11/2019,-5.64,-7.14,-13.03
05/11/2019,-4.83,-7.07,-13.01
06/11/2019,-5.23,-6.95,-13.05
07/11/2019,-5.19,-6.85,-13.07
08/11/2019,-5.08,-6.7,-13.02
09/11/2019,-5.02,-6.49,-13.05
10/11/2019,-4.94,-6.35,-13.04
11/11/2019,-4.84,-6.24,-13.04
12/11/2019,-4.83,-6.09,-12.94
13/11/2019,-4.9,-6.0,-12.96
14/11/2019,-4.86,-5.92,-13.0
15/11/2019,-4.87,-5.74,-12.95
16/11/2019,-4.66,-5.53,-12.98
17/11/2019,-4.52,-5.38,-12.91
18/11/2019,-4.48,-5.24,-12.95
19/11/2019,-4.28,-5.1,-12.93
20/11/2019,-3.99,-4.99,-12.91
21/11/2019,-4.02,-4.96,-12.89
22/11/2019,-4.14,-4.92,-12.88
23/11/2019,-4.15,-4.9,-12.83
24/11/2019,-3.86,-4.83,-12.81
25/11/2019,-3.79,-4.78,-12.82
26/11/2019,-3.85,-4.8,-12.85
27/11/2019,-4.04,-4.74,-12.82
28/11/2019,-4.06,-4.66,-12.81
29/11/2019,-4.04,-4.66,-12.84
30/11/2019,-4.07,-4.72,-12.89
01/12/2019,-4.16,-4.75,-12.88
02/12/2019,-3.78,-4.67,-12.84
03/12/2019,-4.04,-4.67,-12.88
04/12/2019,-4.14,-4.7,-12.87
05/12/2019,-4.25,-4.71,-12.88
06/12/2019,-4.35,-4.66,-12.87
07/12/2019,-4.4,-4.64,-12.84
08/12/2019,-4.37,-4.63,-12.83
09/12/2019,-4.45,-4.55,-12.75
10/12/2019,-4.5,-4.58,-12.79
11/12/2019,-4.51,-4.64,-12.77
12/12/2019,-4.53,-4.57,-12.69
13/12/2019,-4.1,-4.47,-12.57
14/12/2019,-4.17,-4.42,-12.67
15/12/2019,-4.4,-4.5,-12.74
16/12/2019,-4.49,-4.52,-12.75
17/12/2019,-4.43,-4.56,-12.74
18/12/2019,-4.49,-4.53,-12.76
19/12/2019,-4.61,-4.48,-12.74
20/12/2019,-4.59,-4.42,-12.67
21/12/2019,-4.43,-4.32,-12.57
22/12/2019,-4.14,-4.19,-12.51
23/12/2019,-4.02,-4.18,-12.61
24/12/2019,-4.07,-4.25,-12.68
25/12/2019,-4.14,-4.26,-12.66
26/12/2019,-4.11,-4.22,-12.69
27/12/2019,-4.18,-4.22,-12.7
28/12/2019,-4.3,-4.28,-12.74
29/12/2019,-4.37,-4.31,-12.75
30/12/2019,-4.41,-4.3,-12.75
31/12/2019,-4.47,-4.32,-12.72
08/01/2020,-4.86,-4.57,-12.65
09/01/2020,-4.84,-4.59,-12.64
10/01/2020,-4.91,-4.6,-12.61
11/01/2020,-4.95,-4.68,-12.62
12/01/2020,-5.03,-4.72,-12.62
13/01/2020,-4.98,-4.73,-12.61
14/01/2020,-5.03,-4.74,-12.61
15/01/2020,-5.11,-4.77,-12.62
16/01/2020,-5.08,-4.8,-12.62
17/01/2020,-5.1,-4.82,-12.59
18/01/2020,-5.08,-4.81,-12.54
06/04/2020,-5.22,-4.82,-12.22
07/04/2020,-5.25,-4.83,-12.24
08/04/2020,-5.31,-4.84,-12.21
09/04/2020,-5.33,-4.86,-12.19
10/04/2020,-5.36,-4.89,-12.31
11/04/2020,-5.28,-4.93,-12.31
12/04/2020,-5.29,-4.96,-12.29
13/04/2020,-5.32,-4.89,-12.25
14/04/2020,-5.34,-4.84,-12.23
15/04/2020,-5.36,-4.85,-12.3
16/04/2020,-5.4,-4.86,-12.31
17/04/2020,-5.35,-4.83,-12.3
18/04/2020,-5.43,-4.83,-12.29
19/04/2020,-5.45,-4.84,-12.25
20/04/2020,-5.46,-4.8,-12.22
21/04/2020,-5.36,-4.79,-12.22
22/04/2020,-5.35,-4.83,-12.24
23/04/2020,-5.42,-4.89,-12.25
24/04/2020,-5.44,-4.96,-12.24
25/04/2020,-5.42,-5.01,-12.22
26/04/2020,-5.46,-5.07,-12.23
27/04/2020,-5.49,-5.11,-12.24
28/04/2020,-5.54,-5.07,-12.22
29/04/2020,-5.51,-4.97,-12.2
30/04/2020,-5.39,-4.9,-12.21
01/05/2020,-5.38,-4.86,-12.19
02/05/2020,-5.43,-4.83,-12.18
03/05/2020,-5.45,-4.88,-12.21
04/05/2020,-5.52,-4.94,-12.26
06/05/2020,-5.49,-4.95,-12.24
07/05/2020,-5.6,-5.06,-12.29
08/05/2020,-5.56,-5.13,-12.29
09/05/2020,-5.46,-5.2,-12.27
10/05/2020,-5.47,-5.25,-12.23
11/05/2020,-5.65,-5.2,-12.2
12/05/2020,-5.5,-5.13,-12.23
13/05/2020,-5.47,-5.16,-12.22
14/05/2020,-5.47,-5.13,-12.19
15/05/2020,-5.43,-5.17,-12.25
16/05/2020,-5.52,-5.21,-12.27
17/05/2020,-5.53,-5.28,-12.27
18/05/2020,-5.43,-5.31,-12.28
19/05/2020,-5.47,-5.24,-12.25
20/05/2020,-5.41,-5.19,-12.24
21/05/2020,-5.42,-5.22,-12.28
22/05/2020,-5.42,-5.29,-12.33
23/05/2020,-5.46,-5.37,-12.33
24/05/2020,-5.41,-5.42,-12.32
25/05/2020,-5.51,-5.41,-12.34
26/05/2020,-5.49,-5.43,-12.35
27/05/2020,-5.42,-5.47,-12.38
28/05/2020,-5.47,-5.54,-12.35
29/05/2020,-5.52,-5.47,-12.33
30/05/2020,-5.45,-5.46,-12.31
31/05/2020,-5.43,-5.54,-12.31
01/06/2020,-5.51,-5.53,-12.32
02/06/2020,-5.48,-5.58,-12.3
03/06/2020,-5.58,-5.63,-12.28
04/06/2020,-5.55,-5.6,-12.22
05/06/2020,0.0,0.0,-12.2
06/06/2020,0.0,0.0,0.0
07/06/2020,0.0,0.0,0.0
08/06/2020,-5.3,-5.75,-12.27
09/06/2020,-5.3,-5.78,-12.28
10/06/2020,-5.27,-5.74,-12.28
11/06/2020,0.0,-5.63,-12.27
12/06/2020,0.0,-5.6,-12.29
13/06/2020,0.0,-5.63,-12.29
14/06/2020,0.0,-5.59,-12.27
15/06/2020,0.0,-5.51,-12.28
16/06/2020,0.0,-5.5,-12.28
17/06/2020,-5.33,-5.45,-12.27
18/06/2020,-5.34,-5.37,-12.29
19/06/2020,-5.34,-5.33,-12.31
20/06/2020,-5.29,-5.37,-12.32
21/06/2020,-5.38,-5.39,-12.31
22/06/2020,-5.43,-5.39,-12.33
23/06/2020,-5.35,-5.44,-12.34
24/06/2020,-5.46,-5.51,-12.35
25/06/2020,-5.57,-5.59,-12.35
26/06/2020,0.0,0.0,-12.36
27/06/2020,-5.5,-5.71,-12.36
28/06/2020,-5.49,-5.73,-12.37
29/06/2020,-5.5,-5.73,-12.36
30/06/2020,-5.56,-5.76,-12.38
